Date,AAPL,MSFT
2019-10-18 00:00:00+00:00,0.0048025509228839525,-0.016321574285475093
2019-10-21 00:00:00+00:00,0.017342980217528448,0.0074229655728697
2019-10-22 00:00:00+00:00,-0.002286903145652275,-0.014881373465683967
2019-10-23 00:00:00+00:00,0.013418971587849882,0.006379922193556542
2019-10-24 00:00:00+00:00,0.0016449234848281424,0.019673435635353842
2019-10-25 00:00:00+00:00,0.012316115885325551,0.005645345968655402
2019-10-28 00:00:00+00:00,0.010017268660983847,0.02458601962440765
2019-10-29 00:00:00+00:00,-0.023127985023335684,-0.009431721313237218
2019-10-30 00:00:00+00:00,-0.0001234738982660577,0.012462014952091538
2019-10-31 00:00:00+00:00,0.022609663385442236,-0.008574577324972243
2019-11-01 00:00:00+00:00,0.02838073376234318,0.002441252929135773
2019-11-04 00:00:00+00:00,0.00656711350464656,0.005774866143664736
2019-11-05 00:00:00+00:00,-0.0014367866244485716,-0.0006224337868376839
2019-11-06 00:00:00+00:00,0.00042775578830234195,-0.0027692995028044676
2019-11-07 00:00:00+00:00,0.01154121913015671,0.001388605802957299
2019-11-08 00:00:00+00:00,0.0027368785936605633,0.011784345861664214
2019-11-11 00:00:00+00:00,0.007918681248814785,0.0010274045694165235
2019-11-12 00:00:00+00:00,-0.000915426730244695,0.006570521196037404
2019-11-13 00:00:00+00:00,0.009581867365541896,0.0016318535022881164
2019-11-14 00:00:00+00:00,-0.006919509951815117,0.005091789835919069
2019-11-15 00:00:00+00:00,0.011879052455733508,0.012899987494700893
2019-11-18 00:00:00+00:00,0.005042622703326227,0.0024671831407057088
2019-11-19 00:00:00+00:00,-0.003032878293677266,0.0003324906835664443
2019-11-20 00:00:00+00:00,-0.01164113060539329,-0.0017345592202354654
2019-11-21 00:00:00+00:00,-0.00448369257611636,-0.0009359846513840031
2019-11-22 00:00:00+00:00,-0.0008776275422156532,0.0007360902795396917
2019-11-25 00:00:00+00:00,0.017533496072671184,0.010963200739060985
2019-11-26 00:00:00+00:00,-0.007808434828348587,0.005289664535570671
2019-11-27 00:00:00+00:00,0.013432273624768731,0.0019078523445021922
2019-11-29 00:00:00+00:00,-0.0022030721621769667,-0.006171100664511764
2019-12-02 00:00:00+00:00,-0.011561957935787737,-0.012089121578521933
2019-12-03 00:00:00+00:00,-0.017830228768478285,-0.0016046731727985541
2019-12-04 00:00:00+00:00,0.008826330760681067,0.003616504251333197
2019-12-05 00:00:00+00:00,0.01467094572503913,0.0005342097716827254
2019-12-06 00:00:00+00:00,0.019316314927799727,0.012138712916906824
2019-12-09 00:00:00+00:00,-0.014000546845544526,-0.0025698294012655998
2019-12-10 00:00:00+00:00,0.005844731236604561,-0.001519636625188614
2019-12-11 00:00:00+00:00,0.008529409939055821,0.0037715312336745743
2019-12-12 00:00:00+00:00,0.002548632405035889,0.01015162099327549
2019-12-13 00:00:00+00:00,0.013592939469250886,0.008418113781056169
2019-12-16 00:00:00+00:00,0.017117830891953068,0.006471060169794152
2019-12-17 00:00:00+00:00,0.0019653106712145263,-0.005400565945161473
2019-12-18 00:00:00+00:00,-0.002389136593889174,-0.0020687453337442374
2019-12-19 00:00:00+00:00,0.001000836278291839,0.008680545886554203
2019-12-20 00:00:00+00:00,-0.002071537204574647,0.010917679778325473
2019-12-23 00:00:00+00:00,0.01631841328968009,0.0
2019-12-24 00:00:00+00:00,0.0009510588861560976,-0.00019085907419091885
2019-12-26 00:00:00+00:00,0.01984010402817149,0.008196873056712572
2019-12-27 00:00:00+00:00,-0.00037960975033068944,0.0018279121594739767
2019-12-30 00:00:00+00:00,0.005935228088335132,-0.008618790108242624
2019-12-31 00:00:00+00:00,0.0073063920440910035,0.0006981081370514008
2020-01-02 00:00:00+00:00,0.02281641077741625,0.01851603569477911
2020-01-03 00:00:00+00:00,-0.009721716366292044,-0.012451512827535316
2020-01-06 00:00:00+00:00,0.00796794216819574,0.0025845950506659943
2020-01-07 00:00:00+00:00,-0.004702908639916514,-0.009117870666095595
2020-01-08 00:00:00+00:00,0.016086308449648312,0.015928687813783426
2020-01-09 00:00:00+00:00,0.021240696889001764,0.012492633169325362
2020-01-10 00:00:00+00:00,0.0022609589841688926,-0.0046270330627526945
2020-01-13 00:00:00+00:00,0.021363985882443037,0.012024415527770449
2020-01-14 00:00:00+00:00,-0.013503318316198665,-0.007042906550169259
2020-01-15 00:00:00+00:00,-0.004285536435205239,0.006476069045336708
2020-01-16 00:00:00+00:00,0.012526548927286996,0.018323422724275673
2020-01-17 00:00:00+00:00,0.011071000309010204,0.0055965801955488725
2020-01-21 00:00:00+00:00,-0.006776858607288161,-0.00359058644180843
2020-01-22 00:00:00+00:00,0.003569775148862364,-0.004804636532583562
2020-01-23 00:00:00+00:00,0.004815613450819045,0.006155712251343148
2020-01-24 00:00:00+00:00,-0.002882159461497835,-0.0100769364096438
2020-01-27 00:00:00+00:00,-0.02940504164890223,-0.016723240427728325
2020-01-28 00:00:00+00:00,0.028289181145878972,0.019595971963623615
2020-01-29 00:00:00+00:00,0.020932690610828253,0.015592598312532235
2020-01-30 00:00:00+00:00,-0.0014491556545185302,0.02820747960522385
2020-01-31 00:00:00+00:00,-0.04433892581221166,-0.014758587567674897
2020-02-03 00:00:00+00:00,-0.00274622455079232,0.024378854132782513
2020-02-04 00:00:00+00:00,0.03301355908030512,0.032916649737896986
2020-02-05 00:00:00+00:00,0.008154238143752268,-0.0012213961234771586
2020-02-06 00:00:00+00:00,0.011696989296157811,0.020733725003794445
2020-02-07 00:00:00+00:00,-0.01359247162981747,0.0014160188212934965
2020-02-10 00:00:00+00:00,0.004749631324277415,0.02615688189784371
2020-02-11 00:00:00+00:00,-0.006033552863852321,-0.02257548836329093
2020-02-12 00:00:00+00:00,0.023747863311617712,0.0014636645028209827
2020-02-13 00:00:00+00:00,-0.007121051158689218,-0.005413660107271623
2020-02-14 00:00:00+00:00,0.0002463223998117048,0.008926860581599305
2020-02-18 00:00:00+00:00,-0.01831034713444879,0.010143211826099341
2020-02-19 00:00:00+00:00,0.014482622171096304,0.00299944021447196
2020-02-20 00:00:00+00:00,-0.010258906631018916,-0.015271551811111284
2020-02-21 00:00:00+00:00,-0.022635160909727392,-0.03161264516137918
2020-02-24 00:00:00+00:00,-0.04750017110001936,-0.04311563224279047
2020-02-25 00:00:00+00:00,-0.03387213294011593,-0.016501831389520216
2020-02-26 00:00:00+00:00,0.015863379931553734,0.012494923364652744
2020-02-27 00:00:00+00:00,-0.06536835918704054,-0.07045911083355938
2020-02-28 00:00:00+00:00,-0.0005847888160027681,0.02421310422596057
2020-03-02 00:00:00+00:00,0.09310066410474382,0.06653900576600758
2020-03-03 00:00:00+00:00,-0.03175906930318462,-0.04791927539650476
2020-03-04 00:00:00+00:00,0.04638466367489347,0.03671501184050108
2020-03-05 00:00:00+00:00,-0.03243725260673147,-0.02509520591904968
2020-03-06 00:00:00+00:00,-0.013279957626133987,-0.028267376630495278
2020-03-09 00:00:00+00:00,-0.07909234221400996,-0.06777230710812099
2020-03-10 00:00:00+00:00,0.07202193213925323,0.06838389798106492
2020-03-11 00:00:00+00:00,-0.0347308995388621,-0.04530216986870672
2020-03-12 00:00:00+00:00,-0.09875453787039701,-0.09483805490186348
2020-03-13 00:00:00+00:00,0.11980817327237347,0.14216877374567183
2020-03-16 00:00:00+00:00,-0.12864673561181628,-0.14739025486953627
2020-03-17 00:00:00+00:00,0.043970061167994734,0.08233642160915267
2020-03-18 00:00:00+00:00,-0.02448025665997766,-0.04209599136143616
2020-03-19 00:00:00+00:00,-0.007661902664497844,0.016452910913106855
2020-03-20 00:00:00+00:00,-0.06348547279145966,-0.03755873768017659
2020-03-23 00:00:00+00:00,-0.021244319007911017,-0.009974365569520693
2020-03-24 00:00:00+00:00,0.10032564550637302,0.09089579028587869
2020-03-25 00:00:00+00:00,-0.005508917652570444,-0.00957266794260847
2020-03-26 00:00:00+00:00,0.05262276980001723,0.06255085399040561
2020-03-27 00:00:00+00:00,-0.04140199983977977,-0.041060809277621235
2020-03-30 00:00:00+00:00,0.02853779070834883,0.07034083476192343
2020-03-31 00:00:00+00:00,-0.0020407015093791836,-0.0157273155086064
2020-04-01 00:00:00+00:00,-0.052617045209718216,-0.035508203900722624
2020-04-02 00:00:00+00:00,0.016686822271188895,0.020708595335320767
2020-04-03 00:00:00+00:00,-0.014371506500813314,-0.009210336586398471
2020-04-06 00:00:00+00:00,0.08723764165570391,0.07436805658556667
2020-04-07 00:00:00+00:00,-0.01158240223981144,-0.010770286816637498
2020-04-08 00:00:00+00:00,0.02559441727165357,0.010031166940279057
2020-04-09 00:00:00+00:00,0.00721619572423271,6.028789923795408e-05
2020-04-13 00:00:00+00:00,0.019627652725591416,0.002240613249615997
2020-04-14 00:00:00+00:00,0.05050327863827597,0.04948346263076031
2020-04-15 00:00:00+00:00,-0.009127385171676439,-0.010477844978608042
2020-04-16 00:00:00+00:00,0.007945688086993252,0.030021009274731503
2020-04-17 00:00:00+00:00,-0.013568434179389577,0.008811588452694474
2020-04-20 00:00:00+00:00,-0.02075700409817971,-0.019820768258464683
2020-04-21 00:00:00+00:00,-0.030910299653617135,-0.04135739500635849
2020-04-22 00:00:00+00:00,0.028803721332979038,0.03396485079968192
2020-04-23 00:00:00+00:00,-0.003875529503833186,-0.012102202066576861
2020-04-24 00:00:00+00:00,0.02886949281581752,0.018259306381253948
2020-04-27 00:00:00+00:00,0.0007070452547763839,-0.0028648150068495415
2020-04-28 00:00:00+00:00,-0.016209673693978854,-0.024360497819444604
2020-04-29 00:00:00+00:00,0.0328453007941274,0.044873564834809754
2020-04-30 00:00:00+00:00,0.021096049106551495,0.010032067788450227
2020-05-01 00:00:00+00:00,-0.016099284616227227,-0.0258913209870123
2020-05-04 00:00:00+00:00,0.014148845731212,0.02446010278281996
2020-05-05 00:00:00+00:00,0.015008751288456912,0.01073576235028173
2020-05-06 00:00:00+00:00,0.010317270810041856,0.009847167532815781
2020-05-07 00:00:00+00:00,0.010345055705510697,0.005807109703854119
2020-05-08 00:00:00+00:00,0.023801696934395267,0.005882200838009055
2020-05-11 00:00:00+00:00,0.015735450667346162,0.011154569231140998
2020-05-12 00:00:00+00:00,-0.011428304703149483,-0.022651924306528626
2020-05-13 00:00:00+00:00,-0.012074177005417686,-0.015122437211976147
2020-05-14 00:00:00+00:00,0.006143209217701839,0.0043395036428264255
2020-05-15 00:00:00+00:00,-0.005911751745438787,0.014568416712496202
2020-05-18 00:00:00+00:00,0.02356091232221824,0.009554208042026335
2020-05-19 00:00:00+00:00,-0.005778333266617697,-0.006922114151427516
2020-05-20 00:00:00+00:00,0.019448150669842956,0.013870517282376094
2020-05-21 00:00:00+00:00,-0.007455434580217801,-0.01201108747255808
2020-05-22 00:00:00+00:00,0.006438472104726367,0.0004360012941064806
2020-05-26 00:00:00+00:00,-0.006773513369114581,-0.010571551264685342
2020-05-27 00:00:00+00:00,0.004356990964905938,0.0013215775284207698
2020-05-28 00:00:00+00:00,0.00043999488606738524,-0.002254907484956936
2020-05-29 00:00:00+00:00,-0.0009742671959487303,0.01019847129419249
2020-06-01 00:00:00+00:00,0.012298207699936503,-0.002291968200690886
2020-06-02 00:00:00+00:00,0.004629442425665653,0.011376873841737911
2020-06-03 00:00:00+00:00,0.005505117084604327,0.002433573171302994
2020-06-04 00:00:00+00:00,-0.008612373709065313,-0.013163549383298667
2020-06-05 00:00:00+00:00,0.02848119019263562,0.023397984474342826
2020-06-08 00:00:00+00:00,0.0059122479263531424,0.006196519694319447
2020-06-09 00:00:00+00:00,0.03157813954762556,0.007645054029072229
2020-06-10 00:00:00+00:00,0.02572769010288356,0.03709159861801825
2020-06-11 00:00:00+00:00,-0.048010734821743006,-0.053698282551694065
2020-06-12 00:00:00+00:00,0.008633643632502741,0.007891829044287313
2020-06-15 00:00:00+00:00,0.012367159822077367,0.006391817717651405
2020-06-16 00:00:00+00:00,0.026502198506126895,0.024505100302342653
2020-06-17 00:00:00+00:00,-0.001391754501010256,0.0034612007930809874
2020-06-18 00:00:00+00:00,0.00039854154615426296,0.010708412787523658
2020-06-19 00:00:00+00:00,-0.005714867157711856,-0.005959714062123145
2020-06-22 00:00:00+00:00,0.026163855845901196,0.02777357900265165
2020-06-23 00:00:00+00:00,0.021344618191917908,0.006681122222017777
2020-06-24 00:00:00+00:00,-0.017651969139717116,-0.020157677659874418
2020-06-25 00:00:00+00:00,0.013275531554313158,0.012636500528415029
2020-06-26 00:00:00+00:00,-0.03072574967779995,-0.02001603280600106
2020-06-29 00:00:00+00:00,0.023046730066634824,0.010747165945081294
2020-06-30 00:00:00+00:00,0.008347486929271897,0.025549182593398
2020-07-01 00:00:00+00:00,-0.0018914766149737972,0.0058475792170411545
2020-07-02 00:00:00+00:00,0.0,0.007620877510119417
2020-07-06 00:00:00+00:00,0.02675012404762578,0.021526183082215544
2020-07-07 00:00:00+00:00,-0.003102591286317624,-0.011627920083919108
2020-07-08 00:00:00+00:00,0.02329006244053211,0.02199275796196498
2020-07-09 00:00:00+00:00,0.004300273297289436,0.0070010843921330945
2020-07-10 00:00:00+00:00,0.0017492716132980757,-0.0030329340003476535
2020-07-13 00:00:00+00:00,-0.004613254843803483,-0.03088867950604257
2020-07-14 00:00:00+00:00,0.01654847846202645,0.006181290321988664
2020-07-15 00:00:00+00:00,0.006877219741449947,-0.0014877620796599489
2020-07-16 00:00:00+00:00,-0.01230483208896993,-0.019804000467916083
2020-07-17 00:00:00+00:00,-0.002020377010096497,-0.005099889695599824
2020-07-20 00:00:00+00:00,0.021073977655838405,0.04298106058388873
2020-07-21 00:00:00+00:00,-0.013801657315300586,-0.01346884615186017
2020-07-22 00:00:00+00:00,0.002809153421623689,0.014371409366264576
2020-07-23 00:00:00+00:00,-0.04551636536110781,-0.043494987746595326
2020-07-24 00:00:00+00:00,-0.002477201065212431,-0.006121914993797772
2020-07-27 00:00:00+00:00,0.023700409368557773,0.012667618887383547
2020-07-28 00:00:00+00:00,-0.016427652697045048,-0.008977366711592771
2020-07-29 00:00:00+00:00,0.01916840355197702,0.010098198835025718
2020-07-30 00:00:00+00:00,0.012100106725711157,-0.0007841554356535774
2020-07-31 00:00:00+00:00,0.10468870489906767,0.005443697197740738
2020-08-03 00:00:00+00:00,0.02519746379585075,0.05624121323964704
2020-08-04 00:00:00+00:00,0.006678260055476892,-0.015008616589830881
2020-08-05 00:00:00+00:00,0.0036246098621652845,-0.0016410447366197456
2020-08-06 00:00:00+00:00,0.03488925540434651,0.016013882802951462
2020-08-07 00:00:00+00:00,-0.022735549987887627,-0.01788765982298668
2020-08-10 00:00:00+00:00,0.014534574075661277,-0.01990785220554314
2020-08-11 00:00:00+00:00,-0.029739734213825142,-0.023385358157747227
2020-08-12 00:00:00+00:00,0.03323406222637426,0.0285671978439217
2020-08-13 00:00:00+00:00,0.017697629458560238,-0.002342234657625064
2020-08-14 00:00:00+00:00,-0.0008912834447664109,0.0009583638986321308
2020-08-17 00:00:00+00:00,-0.0026106715829501415,0.006605939972087693
2020-08-18 00:00:00+00:00,0.008332759991307892,0.005754265023285132
2020-08-19 00:00:00+00:00,0.001254734472635466,-0.006067004247359509
2020-08-20 00:00:00+00:00,0.022189598639975383,0.023271374507032094
2020-08-21 00:00:00+00:00,0.05153250430468348,-0.00726997448714628
2020-08-24 00:00:00+00:00,0.011960151367654603,0.0031452256035913173
2020-08-25 00:00:00+00:00,-0.008203825875728099,0.013009503146377943
2020-08-26 00:00:00+00:00,0.013599177572295895,0.021619646348678412
2020-08-27 00:00:00+00:00,-0.011954255764539456,0.02455349171408039
2020-08-28 00:00:00+00:00,-0.0016198633289497,0.010283430105900493
2020-08-31 00:00:00+00:00,0.03391218753995551,-0.014765657140262678
2020-09-01 00:00:00+00:00,0.03983262529054077,0.0077152119643459915
2020-09-02 00:00:00+00:00,-0.020718748461777237,0.01927216633775397
2020-09-03 00:00:00+00:00,-0.08006067156763841,-0.06194689903433259
2020-09-04 00:00:00+00:00,0.00066193253687441,-0.01403593193924324
2020-09-08 00:00:00+00:00,-0.06729496505031074,-0.054095811966152096
2020-09-09 00:00:00+00:00,0.03988636951828828,0.042583752530831465
2020-09-10 00:00:00+00:00,-0.03264565410024267,-0.028018417194764167
2020-09-11 00:00:00+00:00,-0.013128822564360654,-0.00652469289342017
2020-09-14 00:00:00+00:00,0.029999681444726978,0.006763719608376739
2020-09-15 00:00:00+00:00,0.001560461804113844,0.01640609788769498
2020-09-16 00:00:00+00:00,-0.02951365837642783,-0.017865633891707366
2020-09-17 00:00:00+00:00,-0.015963539362153334,-0.01043655702926749
2020-09-18 00:00:00+00:00,-0.03172020749731064,-0.01241910286058101
2020-09-21 00:00:00+00:00,0.030325813364253662,0.010728834293930012
2020-09-22 00:00:00+00:00,0.015715862705792283,0.02409404217779265
2020-09-23 00:00:00+00:00,-0.041946196256305135,-0.032928377012375276
2020-09-24 00:00:00+00:00,0.010268829978121063,0.012961741977990826
2020-09-25 00:00:00+00:00,0.03751616488376208,0.02278669412662171
2020-09-28 00:00:00+00:00,0.023868991823809527,0.007795121467009114
2020-09-29 00:00:00+00:00,-0.007567930322260774,-0.010408607197839426
2020-09-30 00:00:00+00:00,0.015075692894959136,0.01481241389128396
2020-10-01 00:00:00+00:00,0.008462161508989263,0.010126799968909417
2020-10-02 00:00:00+00:00,-0.03228008732608034,-0.029511247814426378
2020-10-05 00:00:00+00:00,0.030791134451044533,0.02032097277756484
2020-10-06 00:00:00+00:00,-0.028669612569543146,-0.021247208878731327
2020-10-07 00:00:00+00:00,0.01696728436797157,0.01903724048460176
2020-10-08 00:00:00+00:00,-0.000956003357815649,0.0035743971898036797
2020-10-09 00:00:00+00:00,0.017395783720195235,0.02483602780474592
2020-10-12 00:00:00+00:00,0.06352059920094089,0.025902548286817373
2020-10-13 00:00:00+00:00,-0.026527261117116785,0.006594282472435653
2020-10-14 00:00:00+00:00,0.0007431842596050675,-0.008974125809990352
2020-10-15 00:00:00+00:00,-0.003960727323607305,-0.005433362743904158
2020-10-16 00:00:00+00:00,-0.014000552074690975,0.0
2020-10-19 00:00:00+00:00,-0.025541934368342956,-0.024765489648783
2020-10-20 00:00:00+00:00,0.013191873995174408,0.0020072072765577875
2020-10-21 00:00:00+00:00,-0.005446263261215223,0.000698856140938009
2020-10-22 00:00:00+00:00,-0.009583219882787986,0.00041893260648739883
2020-10-23 00:00:00+00:00,-0.00613380782178885,0.0062356376101717625
2020-10-26 00:00:00+00:00,8.672985096924712e-05,-0.02844176389047992
2020-10-27 00:00:00+00:00,0.013472497112478887,0.015089368998226105
2020-10-28 00:00:00+00:00,-0.046312246032518156,-0.04956618964254855
2020-10-29 00:00:00+00:00,0.03705025680053664,0.01006496805994228
2020-10-30 00:00:00+00:00,-0.056017992221658264,-0.010990314169351367
2020-11-02 00:00:00+00:00,-0.0008266747658370877,-0.0006916704574879695
2020-11-03 00:00:00+00:00,0.015353472451904437,0.020264061242010634
2020-11-04 00:00:00+00:00,0.0408367704761925,0.04824879923378678
2020-11-05 00:00:00+00:00,0.03549356073350762,0.03188676556851533
2020-11-06 00:00:00+00:00,-0.0011360651323895077,0.001925816588606688
2020-11-09 00:00:00+00:00,-0.019967937832963134,-0.023824369076570928
2020-11-10 00:00:00+00:00,-0.0030089643136658184,-0.03379290527274925
2020-11-11 00:00:00+00:00,0.030352630616875098,0.02625477752587768
2020-11-12 00:00:00+00:00,-0.002343297713277459,-0.0051258104062128496
2020-11-13 00:00:00+00:00,0.0004195245976286177,0.004966580553169342
2020-11-16 00:00:00+00:00,0.008720321948946008,0.003325501628535177
2020-11-17 00:00:00+00:00,-0.007564391296227324,-0.012751470839736934
2020-11-18 00:00:00+00:00,-0.011391292932604324,-0.013183749577696413
2020-11-19 00:00:00+00:00,0.005168154359628696,0.006348332750051089
2020-11-20 00:00:00+00:00,-0.01095754925178749,-0.009556581444204904
2020-11-23 00:00:00+00:00,-0.029742474450122458,-0.0013309348450708525
2020-11-24 00:00:00+00:00,0.011594150714033358,0.017847902813496797
2020-11-25 00:00:00+00:00,0.00746722502862629,4.663058309151147e-05
2020-11-27 00:00:00+00:00,0.004826214758362202,0.006359068949273405
2020-11-30 00:00:00+00:00,0.021099807416052885,-0.005389503037021237
2020-12-01 00:00:00+00:00,0.030827233694112666,0.009996753044131612
2020-12-02 00:00:00+00:00,0.002933650124023135,-0.0038852519781296113
2020-12-03 00:00:00+00:00,-0.0011375057242550835,-0.005246796270076293
2020-12-04 00:00:00+00:00,-0.005612544917475537,0.0005600452565983627
2020-12-07 00:00:00+00:00,0.01226983461440545,-0.0003264612097276798
2020-12-08 00:00:00+00:00,0.005091062941869673,0.008026495957418334
2020-12-09 00:00:00+00:00,-0.020903800560565067,-0.01948983214661959
2020-12-10 00:00:00+00:00,0.01198894739812939,-0.00604342956296855
2020-12-11 00:00:00+00:00,-0.0067348482199147686,0.013015411321032788
2020-12-14 00:00:00+00:00,-0.005146729575737252,0.004407796407631448
2020-12-15 00:00:00+00:00,0.05009048588211584,-0.0003267785657090627
2020-12-16 00:00:00+00:00,-0.0005475265075598479,0.024050685995797627
2020-12-17 00:00:00+00:00,0.006963384045493681,0.0006384882621111032
2020-12-18 00:00:00+00:00,-0.015850620602512522,-0.0037828207409950076
2020-12-21 00:00:00+00:00,0.012395304667501827,0.018299366285415397
2020-12-22 00:00:00+00:00,0.028464354599958774,0.006064865538201181
2020-12-23 00:00:00+00:00,-0.006975709591116153,-0.013039049259881086
2020-12-24 00:00:00+00:00,0.007712067269650902,0.007827209764730947
2020-12-28 00:00:00+00:00,0.03576598910325246,0.009921511838645758
2020-12-29 00:00:00+00:00,-0.013315197497473563,-0.003600792640788608
2020-12-30 00:00:00+00:00,-0.008526442651074606,-0.011019375329062053
2020-12-31 00:00:00+00:00,-0.0077027932460767,0.003338389539566
2021-01-04 00:00:00+00:00,-0.02471943571734414,-0.02126634184085696
2021-01-05 00:00:00+00:00,0.012363946988581231,0.0009648361652898618
2021-01-06 00:00:00+00:00,-0.033661615134086054,-0.025929379197297098
2021-01-07 00:00:00+00:00,0.03412340900676658,0.028456969697059575
2021-01-08 00:00:00+00:00,0.00863105907335715,0.006092677989627093
2021-01-11 00:00:00+00:00,-0.023248830369837492,-0.009698433243933713
2021-01-12 00:00:00+00:00,-0.0013954520372729817,-0.011770568125218928
2021-01-13 00:00:00+00:00,0.01622678212327422,0.0065600646089072345
2021-01-14 00:00:00+00:00,-0.015127226972175167,-0.015346050209879114
2021-01-15 00:00:00+00:00,-0.013730663594933246,-0.0017372380488709371
2021-01-19 00:00:00+00:00,0.005427199811688155,0.017823120552989735
2021-01-20 00:00:00+00:00,0.0328562123912195,0.03649948768243294
2021-01-21 00:00:00+00:00,0.03665842503783456,0.00280821648934082
2021-01-22 00:00:00+00:00,0.016073705218983214,0.004356236153699955
2021-01-25 00:00:00+00:00,0.027683607397254395,0.015844227470062977
2021-01-26 00:00:00+00:00,0.0016794520530016843,0.012198893629101537
2021-01-27 00:00:00+00:00,-0.007683956630661237,0.0024531491370509695
2021-01-28 00:00:00+00:00,-0.03498495921828315,0.025891232727859093
2021-01-29 00:00:00+00:00,-0.03742098244248837,-0.029171633609504033
2021-02-01 00:00:00+00:00,0.016520354550952465,0.0331520313225977
2021-02-02 00:00:00+00:00,0.006336555198947602,-0.0005840859232792983
2021-02-03 00:00:00+00:00,-0.007778127136542801,0.014571150091054585
2021-02-04 00:00:00+00:00,0.02575762689181249,-0.004073923711470306
2021-02-05 00:00:00+00:00,-0.003098152952639155,0.0007853346564590247
2021-02-08 00:00:00+00:00,0.0010970782212218477,0.001114633150657296
2021-02-09 00:00:00+00:00,-0.006573777916417001,0.005361578251532606
2021-02-10 00:00:00+00:00,-0.004558411926412265,-0.0038971590006878776
2021-02-11 00:00:00+00:00,-0.0019203458254866135,0.0068774966309330665
2021-02-12 00:00:00+00:00,0.0017760375220752245,0.002045038399322019
2021-02-16 00:00:00+00:00,-0.016104084899068893,-0.00526540148099508
2021-02-17 00:00:00+00:00,-0.017643963536042362,0.004359526998722663
2021-02-18 00:00:00+00:00,-0.008636536173732834,-0.0016790337117863485
2021-02-19 00:00:00+00:00,0.0012335002838370634,-0.01156733255616893
2021-02-22 00:00:00+00:00,-0.029799010987996977,-0.026808222052585706
2021-02-23 00:00:00+00:00,-0.001111030752310893,-0.005287795897365166
2021-02-24 00:00:00+00:00,-0.004052176917461847,0.00548739048364455
2021-02-25 00:00:00+00:00,-0.03478258440272042,-0.023705011508894147
2021-02-26 00:00:00+00:00,0.0022316805634561288,0.014804061629100973
2021-03-01 00:00:00+00:00,0.05385115413620434,0.019623097780945065
2021-03-02 00:00:00+00:00,-0.020893546067723867,-0.012956911261496673
2021-03-03 00:00:00+00:00,-0.024456729960682155,-0.02698078406313076
2021-03-04 00:00:00+00:00,-0.015811886690011323,-0.0036473440662846413
2021-03-05 00:00:00+00:00,0.01073844641591748,0.02147917902525598
2021-03-08 00:00:00+00:00,-0.04167366330460587,-0.018177990479200656
2021-03-09 00:00:00+00:00,0.0406498334159171,0.028101713988680332
2021-03-10 00:00:00+00:00,-0.009166710260440691,-0.005817439112540734
2021-03-11 00:00:00+00:00,0.01650273267284086,0.020265089446317663
2021-03-12 00:00:00+00:00,-0.007625642039690517,-0.005819766858018549
2021-03-15 00:00:00+00:00,0.024456919232800134,-0.003987208237505646
2021-03-16 00:00:00+00:00,0.012743063413992672,0.01235049781403097
2021-03-17 00:00:00+00:00,-0.006450662514795424,-0.0028186094212186985
2021-03-18 00:00:00+00:00,-0.03390502789776573,-0.026662267250225913
2021-03-19 00:00:00+00:00,-0.004480266026771318,-0.0016036161240436941
2021-03-22 00:00:00+00:00,0.028335737514052717,0.024484480245559714
2021-03-23 00:00:00+00:00,-0.006888736936866757,0.006737651596161909
2021-03-24 00:00:00+00:00,-0.019993643094358915,-0.008923368510415641
2021-03-25 00:00:00+00:00,0.004163669072906551,-0.013250632532159412
2021-03-26 00:00:00+00:00,0.005141430975263095,0.017818707478022944
2021-03-29 00:00:00+00:00,0.001485065210676595,-0.005243679694998282
2021-03-30 00:00:00+00:00,-0.012274472561423999,-0.01441074020590849
2021-03-31 00:00:00+00:00,0.018765516073110167,0.016907523650066203
2021-04-01 00:00:00+00:00,0.006958731919102457,0.027908553799606217
2021-04-05 00:00:00+00:00,0.023577155324202348,0.0277284921209211
2021-04-06 00:00:00+00:00,0.002462292210098971,-0.004858087944631606
2021-04-07 00:00:00+00:00,0.013390464832318205,0.00823042683920594
2021-04-08 00:00:00+00:00,0.01923381728993112,0.013405281868489771
2021-04-09 00:00:00+00:00,0.020251447881547424,0.010266640193787424
2021-04-12 00:00:00+00:00,-0.01323286126220291,0.0002344339771012116
2021-04-13 00:00:00+00:00,0.02430649811030494,0.010081676424270158
2021-04-14 00:00:00+00:00,-0.017853204362071273,-0.011218899705043306
2021-04-15 00:00:00+00:00,0.018707731988537146,0.01529804846121352
2021-04-16 00:00:00+00:00,-0.002527838918165992,0.0047782749124092305
2021-04-19 00:00:00+00:00,0.005068606173325829,-0.007670563396141916
2021-04-20 00:00:00+00:00,-0.012829979171512074,-0.001855009863092838
2021-04-21 00:00:00+00:00,0.002929799972195113,0.008983294333482217
2021-04-22 00:00:00+00:00,-0.011685431613200903,-0.013086217124837152
2021-04-23 00:00:00+00:00,0.018038792132293313,0.015476100398215786
2021-04-26 00:00:00+00:00,0.002977680949910022,0.0015315956991814872
2021-04-27 00:00:00+00:00,-0.002449310898087642,0.001605995620831413
2021-04-28 00:00:00+00:00,-0.006027306324259185,-0.02828593660872958
2021-04-29 00:00:00+00:00,-0.0007483694738424918,-0.008053011988381042
2021-04-30 00:00:00+00:00,-0.015133445488207165,-0.0013068775747341332
2021-05-03 00:00:00+00:00,0.008215050871088092,-0.001268884457468089
2021-05-04 00:00:00+00:00,-0.035385310379391965,-0.016159857650463794
2021-05-05 00:00:00+00:00,0.0019555662574979316,-0.005327086133362635
2021-05-06 00:00:00+00:00,0.012802524055306241,0.013226738846952024
2021-05-07 00:00:00+00:00,0.005327115915530367,0.010932053032510325
2021-05-10 00:00:00+00:00,-0.02580431373751646,-0.020914427502069954
2021-05-11 00:00:00+00:00,-0.007410497723323584,-0.0038433395288424155
2021-05-12 00:00:00+00:00,-0.024938440894250125,-0.029362865467081223
2021-05-13 00:00:00+00:00,0.017919818545914845,0.016862074235848068
2021-05-14 00:00:00+00:00,0.0198446580865963,0.021067360502086352
2021-05-17 00:00:00+00:00,-0.009258587620260661,-0.011968681031803374
2021-05-18 00:00:00+00:00,-0.011245743769952132,-0.008564964281556287
2021-05-19 00:00:00+00:00,-0.0012813968040310542,0.0024738342465098206
2021-05-20 00:00:00+00:00,0.021012014154882408,0.013820459101663296
2021-05-21 00:00:00+00:00,-0.014767140870511786,-0.005314875703217092
2021-05-24 00:00:00+00:00,0.013314316980153285,0.02288217650120772
2021-05-25 00:00:00+00:00,-0.001573558832757005,0.003748299048755621
2021-05-26 00:00:00+00:00,-0.000393948485985951,-0.0009137956415786741
2021-05-27 00:00:00+00:00,-0.012376817317389932,-0.0086684212275554
2021-05-28 00:00:00+00:00,-0.005348163290844754,0.0014840818477994677
2021-06-01 00:00:00+00:00,-0.0026482787995799617,-0.009131534762218951
2021-06-02 00:00:00+00:00,0.006276280094470454,-0.00040421519689382013
2021-06-03 00:00:00+00:00,-0.01215422401774946,-0.006429474733246399
2021-06-04 00:00:00+00:00,0.01902224118265461,0.02067469080123363
2021-06-07 00:00:00+00:00,7.936010331888177e-05,0.01204201589978049
2021-06-08 00:00:00+00:00,0.006672013689827283,-0.004885386799125091
2021-06-09 00:00:00+00:00,0.003077106401925933,0.004038263415103049
2021-06-10 00:00:00+00:00,-0.008023354355610302,0.01439332067402499
2021-06-11 00:00:00+00:00,0.009832727692076881,0.002527047664229176
2021-06-14 00:00:00+00:00,0.02457812227581968,0.007755342294824441
2021-06-15 00:00:00+00:00,-0.006438174543048736,-0.0058873867279947145
2021-06-16 00:00:00+00:00,0.003934426347395048,-0.0037930463507822587
2021-06-17 00:00:00+00:00,0.012600573975941165,0.013676213424797634
2021-06-18 00:00:00+00:00,-0.010091685577229614,-0.005634268431074729
2021-06-21 00:00:00+00:00,0.014103725462499828,0.01233472091740384
2021-06-22 00:00:00+00:00,0.012698513362823016,0.010965855079940523
2021-06-23 00:00:00+00:00,-0.0020896485797661235,-0.0009038992764198728
2021-06-24 00:00:00+00:00,-0.002169097318500679,0.0053531062641725136
2021-06-25 00:00:00+00:00,-0.0022488157584112933,-0.00626213591662117
2021-06-28 00:00:00+00:00,0.012546066365448416,0.0139613139578465
2021-06-29 00:00:00+00:00,0.01150018387290519,0.00997339719345236
2021-06-30 00:00:00+00:00,0.004621261266518184,-0.0018425246933440054
2021-07-01 00:00:00+00:00,0.0022633587058820126,0.0025843425104776774
2021-07-02 00:00:00+00:00,0.019596191257522655,0.022274849007855035
2021-07-06 00:00:00+00:00,0.014718600012833205,3.6373429051828055e-05
2021-07-07 00:00:00+00:00,0.017955268440666527,0.00817513914589707
2021-07-08 00:00:00+00:00,-0.009199686691122033,-0.008966297200590834
2021-07-09 00:00:00+00:00,0.013054947539076212,0.001874331918078287
2021-07-12 00:00:00+00:00,-0.0042037366786197294,-0.0022304562561555885
2021-07-13 00:00:00+00:00,0.007889312423051464,0.013197885841120582
2021-07-14 00:00:00+00:00,0.0241004858311602,0.005445151942867321
2021-07-15 00:00:00+00:00,-0.004491982509186809,-0.005239033760133238
2021-07-16 00:00:00+00:00,-0.014075880540444619,-0.0009961624421090942
2021-07-19 00:00:00+00:00,-0.026914801830201895,-0.013321737459587646
2021-07-20 00:00:00+00:00,0.025974382942613117,0.008339361457736949
2021-07-21 00:00:00+00:00,-0.005132015471421836,0.007446664928486557
2021-07-22 00:00:00+00:00,0.00962868775107606,0.016844057495470688
2021-07-23 00:00:00+00:00,0.011989316768976632,0.012336636921258748
2021-07-26 00:00:00+00:00,0.002894359941071123,-0.0021403520017184707
2021-07-27 00:00:00+00:00,-0.014900258920925058,-0.008683503296840644
2021-07-28 00:00:00+00:00,-0.012196187038760464,-0.0011165634931789015
2021-07-29 00:00:00+00:00,0.004552487840991937,0.0009779892694030679
2021-07-30 00:00:00+00:00,0.0015106544344909434,-0.005549661119815363
2021-08-02 00:00:00+00:00,-0.002330845400961068,-0.00031615690585429235
2021-08-03 00:00:00+00:00,0.012644116296699703,0.00807556249294561
2021-08-04 00:00:00+00:00,-0.002782229370544731,-0.0021246239989006765
2021-08-05 00:00:00+00:00,0.0007485936906239665,0.01050572893969215
2021-08-06 00:00:00+00:00,-0.00476702447612809,-0.00020723464486616106
2021-08-09 00:00:00+00:00,-0.0003423677730541863,-0.003903710074005584
2021-08-10 00:00:00+00:00,-0.0033541231480587186,-0.006554995729968649
2021-08-11 00:00:00+00:00,0.0017859566967568519,0.0017802708455603167
2021-08-12 00:00:00+00:00,0.020773275150619996,0.009966948802504705
2021-08-13 00:00:00+00:00,0.0014106565106621893,0.010489887371963436
2021-08-16 00:00:00+00:00,0.013547595085702246,0.005975737202506437
2021-08-17 00:00:00+00:00,-0.006153980720251084,-0.0051598760999482796
2021-08-18 00:00:00+00:00,-0.025501141802855454,-0.006118942857619825
2021-08-19 00:00:00+00:00,0.002323011980339462,0.020775116073815658
2021-08-20 00:00:00+00:00,0.010157165114107913,0.0255755163624658
2021-08-23 00:00:00+00:00,0.010256880564901039,0.0009528098892286341
2021-08-24 00:00:00+00:00,-0.0006011521063018499,-0.0066634230999832456
2021-08-25 00:00:00+00:00,-0.008421295596859557,-0.002015674387177424
2021-08-26 00:00:00+00:00,-0.00552715379657065,-0.009668679225726229
2021-08-27 00:00:00+00:00,0.007184698356970554,0.0021064488251518743
2021-08-30 00:00:00+00:00,0.03041701002238506,0.01291198217783629
2021-08-31 00:00:00+00:00,-0.008424758001868593,-0.0056324757259629266
2021-09-01 00:00:00+00:00,0.004478640471541784,-0.00016570580458719064
2021-09-02 00:00:00+00:00,0.007474760134043024,-0.0022529560519556346
2021-09-03 00:00:00+00:00,0.004230715987592948,-3.315913181700658e-05
2021-09-07 00:00:00+00:00,0.015489367675009191,-0.0031880599882099236
2021-09-08 00:00:00+00:00,-0.010083751884830794,9.990314192243055e-05
2021-09-09 00:00:00+00:00,-0.006704928149695921,-0.009859601098866522
2021-09-10 00:00:00+00:00,-0.033101949634648076,-0.005180666175917725
2021-09-13 00:00:00+00:00,0.0038936254081787247,0.004328271562280772
2021-09-14 00:00:00+00:00,-0.009562225893231746,0.009427995054062777
2021-09-15 00:00:00+00:00,0.006143820300509528,0.0167784120632819
2021-09-16 00:00:00+00:00,-0.0016105602617704218,0.0013123472787819335
2021-09-17 00:00:00+00:00,-0.018347838481464374,-0.017528396326141227
2021-09-20 00:00:00+00:00,-0.02136121815005687,-0.01857467691561865
2021-09-21 00:00:00+00:00,0.0034279300048016825,0.0016989928789723496
2021-09-22 00:00:00+00:00,0.01687266056355785,0.012822401027881902
2021-09-23 00:00:00+00:00,0.006719176666574844,0.0032819681828155645
2021-09-24 00:00:00+00:00,0.0006128376814871217,-0.0007008738089612221
2021-09-27 00:00:00+00:00,-0.010550191816869559,-0.017304180292417204
2021-09-28 00:00:00+00:00,-0.023801234997428034,-0.03620359039298526
2021-09-29 00:00:00+00:00,0.006483189481713225,0.0016929289824407778
2021-09-30 00:00:00+00:00,-0.009311949380986562,-0.007323847658237015
2021-10-01 00:00:00+00:00,0.008127194068294097,0.025468100500423585
2021-10-04 00:00:00+00:00,-0.024605592393650344,-0.020719438825026137
2021-10-05 00:00:00+00:00,0.01415855967839419,0.019956908380884375
2021-10-06 00:00:00+00:00,0.006307090182616104,0.015064487131843496
2021-10-07 00:00:00+00:00,0.009084389507785673,0.005936281096750928
2021-10-08 00:00:00+00:00,-0.0027218516430070894,0.0
2021-10-11 00:00:00+00:00,-0.0006294748162846142,-0.0021026599152226266
2021-10-12 00:00:00+00:00,-0.009103259024525134,-0.004588254532265856
2021-10-13 00:00:00+00:00,-0.004239875218980171,0.011711087461633296
2021-10-14 00:00:00+00:00,0.02022562737088318,0.021734139855631884
2021-10-15 00:00:00+00:00,0.007512502041000957,0.004822264930094411
2021-10-18 00:00:00+00:00,0.011806146166946974,0.010124688890039035
2021-10-19 00:00:00+00:00,0.015080264163459312,0.0030591603720255822
2021-10-20 00:00:00+00:00,0.003361084774780254,-0.0026605530582649584
2021-10-21 00:00:00+00:00,0.0014736821754617324,0.01089768368469568
2021-10-22 00:00:00+00:00,-0.005284703845167438,-0.005148746835736295
2021-10-25 00:00:00+00:00,-0.00033628757919790253,-0.003331457772491886
2021-10-26 00:00:00+00:00,0.0045749661094292016,0.00642561835490385
2021-10-27 00:00:00+00:00,-0.003147848840084677,0.04211415046115152
2021-10-28 00:00:00+00:00,0.0249916331148754,0.0036513043569228465
2021-10-29 00:00:00+00:00,-0.018155509118734203,0.022414242549971375
2021-11-01 00:00:00+00:00,-0.005607623177664833,-0.006785104958198507
2021-11-02 00:00:00+00:00,0.007116208668659807,0.011416048274020874
2021-11-03 00:00:00+00:00,0.009798768059730678,0.0026114736826674534
2021-11-04 00:00:00+00:00,-0.003498782687026969,0.007305283431782161
2021-11-05 00:00:00+00:00,0.003582492966612394,-0.001129552403229761
2021-11-08 00:00:00+00:00,-0.005552862327723007,0.0027673657815021624
2021-11-09 00:00:00+00:00,0.0024592707101804834,-0.0030857795436755042
2021-11-10 00:00:00+00:00,-0.01916282370290534,-0.015329897493190914
2021-11-11 00:00:00+00:00,-0.00033806912885303575,0.0049273003420882144
2021-11-12 00:00:00+00:00,0.014336967129259248,0.012905198436953702
2021-11-15 00:00:00+00:00,6.651543700386675e-05,-0.0019302628738576688
2021-11-16 00:00:00+00:00,0.006666696273018191,0.010235843560095104
2021-11-17 00:00:00+00:00,0.016490139997730635,0.000678610394006185
2021-11-18 00:00:00+00:00,0.02853584365591466,0.006339967196327123
2021-11-19 00:00:00+00:00,0.016976297811124308,0.00539157200407514
2021-11-22 00:00:00+00:00,0.0029272592904081574,-0.009559823206927498
2021-11-23 00:00:00+00:00,0.002422080678424976,-0.006326446864972302
2021-11-24 00:00:00+00:00,0.0032834792076230634,0.0006810420832188413
2021-11-26 00:00:00+00:00,-0.03167829006264222,-0.024355558662544685
2021-11-29 00:00:00+00:00,0.02187360887427814,0.021081062074190804
2021-11-30 00:00:00+00:00,0.0315777658605938,-0.017942677885941616
2021-12-01 00:00:00+00:00,-0.003206583547597619,-0.0015426187051283957
2021-12-02 00:00:00+00:00,-0.00612973649917925,-0.0017875297953187097
2021-12-03 00:00:00+00:00,-0.011724346181527623,-0.01966664886968117
2021-12-06 00:00:00+00:00,0.021502575695269144,0.009844957303403401
2021-12-07 00:00:00+00:00,0.03544648687914553,0.026763520395675977
2021-12-08 00:00:00+00:00,0.02278296485426745,0.00014936599220916058
2021-12-09 00:00:00+00:00,-0.002970038237273598,-0.005582804637098149
2021-12-10 00:00:00+00:00,0.028013381644895752,0.02833986373856856
2021-12-13 00:00:00+00:00,-0.020674355335712713,-0.00916670133027997
2021-12-14 00:00:00+00:00,-0.008023171783286931,-0.0325867744232331
2021-12-15 00:00:00+00:00,0.028509144925596752,0.019217446119434545
2021-12-16 00:00:00+00:00,-0.03926388785567714,-0.0291345634740785
2021-12-17 00:00:00+00:00,-0.0065017282693788925,-0.0033857593068949976
2021-12-20 00:00:00+00:00,-0.008121779899339265,-0.012013597152418343
2021-12-21 00:00:00+00:00,0.019086586101958014,0.023068949970424635
2021-12-22 00:00:00+00:00,0.015318860386399624,0.01805746363770888
2021-12-23 00:00:00+00:00,0.003643953127300037,0.0044718515111981105
2021-12-27 00:00:00+00:00,0.022974688199781435,0.023185748703375975
2021-12-28 00:00:00+00:00,-0.0057673986270266875,-0.003504316342152869
2021-12-29 00:00:00+00:00,0.0005022770092699691,0.002051327411101811
2021-12-30 00:00:00+00:00,-0.006578313286308424,-0.0076914192227364175
2021-12-31 00:00:00+00:00,-0.003535184101242983,-0.008841145943644269
2022-01-03 00:00:00+00:00,0.02500411785726242,-0.004668116388790833
2022-01-04 00:00:00+00:00,-0.012691682166021678,-0.017147075704852632
2022-01-05 00:00:00+00:00,-0.026599853807357965,-0.03838787360877738
2022-01-06 00:00:00+00:00,-0.01669360354704208,-0.007901994332607853
2022-01-07 00:00:00+00:00,0.0009885865805856486,0.0005099906602921145
2022-01-10 00:00:00+00:00,0.00011625295491257681,0.0007321098005503845
2022-01-11 00:00:00+00:00,0.016783643850987406,0.0022593493205198545
2022-01-12 00:00:00+00:00,0.0025702696394065416,0.010445031078359701
2022-01-13 00:00:00+00:00,-0.019027965543882752,-0.04232254031061744
2022-01-14 00:00:00+00:00,0.005110666786144913,0.0177166060633398
2022-01-18 00:00:00+00:00,-0.01889410231643207,-0.024339335845544374
2022-01-19 00:00:00+00:00,-0.02102482028539754,0.0022468787299783077
2022-01-20 00:00:00+00:00,-0.010347088352431144,-0.005703443595583058
2022-01-21 00:00:00+00:00,-0.012765322709595517,-0.01846787032738495
2022-01-24 00:00:00+00:00,-0.004864036292599572,0.001148298188097474
2022-01-25 00:00:00+00:00,-0.011384794732172021,-0.026588264144931872
2022-01-26 00:00:00+00:00,-0.0005632197983442833,0.028492928188380562
2022-01-27 00:00:00+00:00,-0.002943218267879355,0.010549424117810569
2022-01-28 00:00:00+00:00,0.06977762188569203,0.028081314270576918
2022-01-31 00:00:00+00:00,0.026125603608138093,0.008823951861760326
2022-02-01 00:00:00+00:00,-0.0009724191405697802,-0.00713882871121585
2022-02-02 00:00:00+00:00,0.007044147291845881,0.015222097543835744
2022-02-03 00:00:00+00:00,-0.016719825397730204,-0.03895237563597509
2022-02-04 00:00:00+00:00,-0.0016791781461876765,0.015568490487991138
2022-02-07 00:00:00+00:00,-0.004234758405884165,-0.0163102010351569
2022-02-08 00:00:00+00:00,0.018466876468919313,0.011995252649204202
2022-02-09 00:00:00+00:00,0.008293789790597694,0.02183480080915068
2022-02-10 00:00:00+00:00,-0.02359881047945067,-0.028372965691292218
2022-02-11 00:00:00+00:00,-0.020218479274582313,-0.024274269024762485
2022-02-14 00:00:00+00:00,0.0014231581744161836,-0.00013566559542743661
2022-02-15 00:00:00+00:00,0.023152454912931608,0.01854252713733029
2022-02-16 00:00:00+00:00,-0.0013887983518517943,-0.0011673113310313177
2022-02-17 00:00:00+00:00,-0.02126928886632473,-0.02928195950187873
2022-02-18 00:00:00+00:00,-0.009355932004631362,-0.00963121699250502
2022-02-22 00:00:00+00:00,-0.017812111466359526,-0.0007293822008217488
2022-02-23 00:00:00+00:00,-0.0258640657566771,-0.025893056187600294
2022-02-24 00:00:00+00:00,0.016680007025073662,0.05109349614254888
2022-02-25 00:00:00+00:00,0.012965605782722767,0.00923320180192988
2022-02-28 00:00:00+00:00,0.0016378619702173136,0.004978050075634677
2022-03-01 00:00:00+00:00,-0.011628067140827203,-0.012851851902099809
2022-03-02 00:00:00+00:00,0.020588261504586036,0.017765776474887973
2022-03-03 00:00:00+00:00,-0.001981372497565137,-0.01422434088890856
2022-03-04 00:00:00+00:00,-0.018408153064961796,-0.020478645018941366
2022-03-07 00:00:00+00:00,-0.023717544937450707,-0.03777667117733641
2022-03-08 00:00:00+00:00,-0.011676053779952067,-0.01097134296486979
2022-03-09 00:00:00+00:00,0.03499740020772779,0.04585821575026605
2022-03-10 00:00:00+00:00,-0.0271861594350139,-0.010086657948667588
2022-03-11 00:00:00+00:00,-0.023908760204485513,-0.01932829628335586
2022-03-14 00:00:00+00:00,-0.0265624548467166,-0.012961356417706238
2022-03-15 00:00:00+00:00,0.029677304041134,0.03874270193201412
2022-03-16 00:00:00+00:00,0.029015383596284305,0.025213306188366147
2022-03-17 00:00:00+00:00,0.006454335587834592,0.0028196126835118296
2022-03-18 00:00:00+00:00,0.020918672692474383,0.0176477056092057
2022-03-21 00:00:00+00:00,0.008537614387530423,-0.00422721377850821
2022-03-22 00:00:00+00:00,0.020800922668422483,0.016379113292523728
2022-03-23 00:00:00+00:00,0.008233454045690758,-0.015030056009930348
2022-03-24 00:00:00+00:00,0.02267784825913166,0.01539298800320843
2022-03-25 00:00:00+00:00,0.0037340923762776423,-0.0013811969163317617
2022-03-28 00:00:00+00:00,0.005036807061571835,0.023116579102389068
2022-03-29 00:00:00+00:00,0.019134240488322574,0.015159364565009215
2022-03-30 00:00:00+00:00,-0.006649425238663298,-0.004914325790072116
2022-03-31 00:00:00+00:00,-0.017775850271397164,-0.017682932402568352
2022-04-01 00:00:00+00:00,-0.0017181246018695973,0.003600229220426021
2022-04-04 00:00:00+00:00,0.02369332047241257,0.017936570337486968
2022-04-05 00:00:00+00:00,-0.018941908440260335,-0.012985238700929602
2022-04-06 00:00:00+00:00,-0.018450689349953087,-0.03660578841554596
2022-04-07 00:00:00+00:00,0.0018040890403840937,0.0062437987316876775
2022-04-08 00:00:00+00:00,-0.011909129655638284,-0.014600003041947529
2022-04-11 00:00:00+00:00,-0.025515722225790016,-0.03943171988692695
2022-04-12 00:00:00+00:00,0.011523383042502111,-0.01121770627191132
2022-04-13 00:00:00+00:00,0.0163425695819317,0.019712027756275674
2022-04-14 00:00:00+00:00,-0.029988316110764912,-0.027084202226368204
2022-04-18 00:00:00+00:00,-0.0013309706163361357,0.002465656921451176
2022-04-19 00:00:00+00:00,0.014115243825969293,0.017039849910062133
2022-04-20 00:00:00+00:00,-0.0010157532327802477,0.003715284988250689
2022-04-21 00:00:00+00:00,-0.0048433802556805405,-0.019381187528536237
2022-04-22 00:00:00+00:00,-0.02782130557611473,-0.02414434014035416
2022-04-25 00:00:00+00:00,0.006737136444465497,0.02441331286013293
2022-04-26 00:00:00+00:00,-0.03732796702704322,-0.03740377801129002
2022-04-27 00:00:00+00:00,-0.0014667794437348558,0.04810920704260191
2022-04-28 00:00:00+00:00,0.04515541796534506,0.022632455619122638
2022-04-29 00:00:00+00:00,-0.03660479795986149,-0.041812211688970424
2022-05-02 00:00:00+00:00,0.001966360089445951,0.025043269682368363
2022-05-03 00:00:00+00:00,0.009622680855261079,-0.00945611369917021
2022-05-04 00:00:00+00:00,0.041008422568723946,0.029100833564430273
2022-05-05 00:00:00+00:00,-0.05571609686307011,-0.04355472990359677
2022-05-06 00:00:00+00:00,0.004727061705342539,-0.009446575463210816
2022-05-09 00:00:00+00:00,-0.033189144599032216,-0.036945479854033625
2022-05-10 00:00:00+00:00,0.016112019188566196,0.018595490826532446
2022-05-11 00:00:00+00:00,-0.05184134042707855,-0.03320961952479051
2022-05-12 00:00:00+00:00,-0.02689419824015249,-0.019957818384965575
2022-05-13 00:00:00+00:00,0.03191638313357781,0.022596443281910794
2022-05-16 00:00:00+00:00,-0.01067219876573755,0.0014551497020109938
2022-05-17 00:00:00+00:00,0.025422424410079136,0.020344640827031135
2022-05-18 00:00:00+00:00,-0.056419186181689174,-0.045529881137376105
2022-05-19 00:00:00+00:00,-0.024641400945805136,-0.003699649349987011
2022-05-20 00:00:00+00:00,0.0017471696088546818,-0.002291249605431145
2022-05-23 00:00:00+00:00,0.04011930501895811,0.03203204867756915
2022-05-24 00:00:00+00:00,-0.0192156909736807,-0.003951864840863517
2022-05-25 00:00:00+00:00,0.0011397642674710884,0.011170307161878057
2022-05-26 00:00:00+00:00,0.023199543250024934,0.012875302524992804
2022-05-27 00:00:00+00:00,0.04075664744729002,0.02760433582521915
2022-05-31 00:00:00+00:00,-0.005346233204296724,-0.005014033692703368
2022-06-01 00:00:00+00:00,-0.0008732521204363186,0.002023203967360887
2022-06-02 00:00:00+00:00,0.0168113679966182,0.007929047059481942
2022-06-03 00:00:00+00:00,-0.03855566941949484,-0.0166074435236907
2022-06-06 00:00:00+00:00,0.005227655341373039,-0.0047033045832995946
2022-06-07 00:00:00+00:00,0.017585795371114266,0.013953643432047746
2022-06-08 00:00:00+00:00,-0.00504327534371829,-0.007669850840734793
2022-06-09 00:00:00+00:00,-0.03595581313176455,-0.020783166108291118
2022-06-10 00:00:00+00:00,-0.038628626883098205,-0.04456367881301693
2022-06-13 00:00:00+00:00,-0.03828488509644956,-0.04241275724977045
2022-06-14 00:00:00+00:00,0.006672666130760341,0.0092051006553866
2022-06-15 00:00:00+00:00,0.020111417319444325,0.029735095933373756
2022-06-16 00:00:00+00:00,-0.03965137978674893,-0.026969976833396525
2022-06-17 00:00:00+00:00,0.011533034396929764,0.01094010108294241
2022-06-21 00:00:00+00:00,0.03276080005599136,0.024591324881636956
2022-06-22 00:00:00+00:00,-0.003827129021026776,-0.0024042055666562145
2022-06-23 00:00:00+00:00,0.0215736376665292,0.02263657002948216
2022-06-24 00:00:00+00:00,0.02451728946676557,0.0341499286646576
2022-06-27 00:00:00+00:00,0.0,-0.010496952435825935
2022-06-28 00:00:00+00:00,-0.029789547947582373,-0.03174899486091309
2022-06-29 00:00:00+00:00,0.013023754171160196,0.014738051218356363
2022-06-30 00:00:00+00:00,-0.018027715725180915,-0.013179313103146906
2022-07-01 00:00:00+00:00,0.01616423158513025,0.010707445815638872
2022-07-05 00:00:00+00:00,0.018930464085773258,0.012597593447980948
2022-07-06 00:00:00+00:00,0.009607238245866512,0.012782795562498617
2022-07-07 00:00:00+00:00,0.023999577122820304,0.008226548651055765
2022-07-08 00:00:00+00:00,0.004714591502883225,-0.0027572077371968984
2022-07-11 00:00:00+00:00,-0.01475782950141169,-0.011768430646944661
2022-07-12 00:00:00+00:00,0.006833645209042061,-0.040981576302953626
2022-07-13 00:00:00+00:00,-0.002536538472334038,-0.0037450572296253704
2022-07-14 00:00:00+00:00,0.02048259234501737,0.005381518545447772
2022-07-15 00:00:00+00:00,0.011450075467045018,0.010390448547588305
2022-07-18 00:00:00+00:00,-0.020643213631994062,-0.009621464636611066
2022-07-19 00:00:00+00:00,0.02672178559963423,0.02076694252938549
2022-07-20 00:00:00+00:00,0.013509939466426646,0.01055757381497302
2022-07-21 00:00:00+00:00,0.015094145342803733,0.009799036192653876
2022-07-22 00:00:00+00:00,-0.008110700213077804,-0.016915803275268648
2022-07-25 00:00:00+00:00,-0.007398291043896998,-0.005876478760778681
2022-07-26 00:00:00+00:00,-0.008826344287224397,-0.026774330820516723
2022-07-27 00:00:00+00:00,0.0342349389615737,0.06685180918727873
2022-07-28 00:00:00+00:00,0.0035714947305525158,0.028540613025622497
2022-07-29 00:00:00+00:00,0.03279303222071661,0.01566508667091715
2022-08-01 00:00:00+00:00,-0.006153475832577304,-0.00972426456329234
2022-08-02 00:00:00+00:00,-0.00928717200399265,-0.011474321645355556
2022-08-03 00:00:00+00:00,0.03824771666627247,0.02783628950900252
2022-08-04 00:00:00+00:00,-0.0019263011716177392,0.004177496519762514
2022-08-05 00:00:00+00:00,-0.0013890471563247075,-0.002608861310511079
2022-08-08 00:00:00+00:00,-0.0029030674601631112,-0.009154733502939938
2022-08-09 00:00:00+00:00,0.00030327941335417385,0.007063244924301992
2022-08-10 00:00:00+00:00,0.026194610990185385,0.02430062408698963
2022-08-11 00:00:00+00:00,-0.0044316334800091894,-0.007401056645216508
2022-08-12 00:00:00+00:00,0.021425570699658447,0.01703732358330945
2022-08-15 00:00:00+00:00,0.006333667648336094,0.00534418383327373
2022-08-16 00:00:00+00:00,-0.0009239429774320351,-0.002589831843790469
2022-08-17 00:00:00+00:00,0.008784594864806428,-0.00263619938356896
2022-08-18 00:00:00+00:00,-0.002291595368267396,-0.003947594444958291
2022-08-19 00:00:00+00:00,-0.01510202183287157,-0.013853847017128551
2022-08-22 00:00:00+00:00,-0.023029438222601728,-0.02935529061235409
2022-08-23 00:00:00+00:00,-0.0020289053412587688,-0.004716516133214554
2022-08-24 00:00:00+00:00,0.0017939966705060595,-0.0023511850985825644
2022-08-25 00:00:00+00:00,0.014922739632474036,0.011095309803067055
2022-08-26 00:00:00+00:00,-0.03769929269422234,-0.03858712448110235
2022-08-29 00:00:00+00:00,-0.013690264092390603,-0.010667915716900178
2022-08-30 00:00:00+00:00,-0.015305391307573246,-0.008520947666181944
2022-08-31 00:00:00+00:00,-0.010635034147874034,-0.005703953279478036
2022-09-01 00:00:00+00:00,0.00470685948769356,-0.0040924179554436835
2022-09-02 00:00:00+00:00,-0.013611007337411052,-0.016666607058980598
2022-09-06 00:00:00+00:00,-0.008215249680991743,-0.010973976397176344
2022-09-07 00:00:00+00:00,0.00925411671516585,0.019111384603315074
2022-09-08 00:00:00+00:00,-0.009618071675006945,0.0016662721403821745
2022-09-09 00:00:00+00:00,0.01883984057951027,0.022976790130098346
2022-09-12 00:00:00+00:00,0.03850777353240309,0.008281289635839517
2022-09-13 00:00:00+00:00,-0.058679380008412996,-0.05497862451075519
2022-09-14 00:00:00+00:00,0.009555361113966487,0.000912683529188385
2022-09-15 00:00:00+00:00,-0.018929741427736624,-0.02711909884450836
2022-09-16 00:00:00+00:00,-0.010960285305398942,-0.0026082486773731928
2022-09-19 00:00:00+00:00,0.025082905518370335,-0.0008988766040234353
2022-09-20 00:00:00+00:00,0.015665543932732673,-0.008465535380999478
2022-09-21 00:00:00+00:00,-0.020267813368800014,-0.014435983883662296
2022-09-22 00:00:00+00:00,-0.0063750803408660905,0.008495536407080007
2022-09-23 00:00:00+00:00,-0.015123719783165623,-0.012698241139369237
2022-09-26 00:00:00+00:00,0.0022602834487130963,-0.0019754596760270804
2022-09-27 00:00:00+00:00,0.00656612282562663,-0.004379846040587165
2022-09-28 00:00:00+00:00,-0.012651531185998932,0.019711576466522107
2022-09-29 00:00:00+00:00,-0.04911913795120082,-0.014809008990330885
2022-09-30 00:00:00+00:00,-0.030039271295918102,-0.019368512687389594
2022-10-03 00:00:00+00:00,0.03075255776402841,0.0336626709751946
2022-10-04 00:00:00+00:00,0.02562312499323105,0.033812388703138296
2022-10-05 00:00:00+00:00,0.0020533510118283527,0.0012856908625391572
2022-10-06 00:00:00+00:00,-0.006625862244661884,-0.009671004228269164
2022-10-07 00:00:00+00:00,-0.03671857164558978,-0.050852886846340706
2022-10-10 00:00:00+00:00,0.002355641259733865,-0.021302905647097026
2022-10-11 00:00:00+00:00,-0.010254984772108955,-0.01675024988978968
2022-10-12 00:00:00+00:00,-0.004605155509613157,0.0015083199296408445
2022-10-13 00:00:00+00:00,0.03361296555542004,0.03760796016397694
2022-10-14 00:00:00+00:00,-0.0322398894899939,-0.024248702520768606
2022-10-17 00:00:00+00:00,0.029122719547550746,0.03924575906536454
2022-10-18 00:00:00+00:00,0.009409354082048793,0.004083787232685765
2022-10-19 00:00:00+00:00,0.0007653288740843145,-0.008469588191582722
2022-10-20 00:00:00+00:00,-0.0032672385817701377,-0.0013955084725236766
2022-10-21 00:00:00+00:00,0.027059052134292383,0.025280520382283678
2022-10-24 00:00:00+00:00,0.014802758220149093,0.021187902939129755
2022-10-25 00:00:00+00:00,0.019337621131113147,0.013791617992854333
2022-10-26 00:00:00+00:00,-0.01962711867153155,-0.07715623464868138
2022-10-27 00:00:00+00:00,-0.03046533650023553,-0.019756191960851543
2022-10-28 00:00:00+00:00,0.07555247803501985,0.04022035742605912
2022-10-31 00:00:00+00:00,-0.015410517706815119,-0.015856075330325292
2022-11-01 00:00:00+00:00,-0.0175423204607551,-0.017059447988693632
2022-11-02 00:00:00+00:00,-0.03730518818188744,-0.03536832927991296
2022-11-03 00:00:00+00:00,-0.04240505588514687,-0.026578807828113615
2022-11-04 00:00:00+00:00,-0.0019472555793776936,0.03332548245756706
2022-11-07 00:00:00+00:00,0.003902109563374001,0.02926966856566593
2022-11-08 00:00:00+00:00,0.004175319745850947,0.004388443418268162
2022-11-09 00:00:00+00:00,-0.03319035875548526,-0.019050081217202086
2022-11-10 00:00:00+00:00,0.08897479352433857,0.08226796832302785
2022-11-11 00:00:00+00:00,0.019268768589575824,0.01699736873541524
2022-11-14 00:00:00+00:00,-0.009485638148739706,-0.022500042085035865
2022-11-15 00:00:00+00:00,0.011869268217083562,0.001738793045393372
2022-11-16 00:00:00+00:00,-0.008331145077944635,0.0018234007652702111
2022-11-17 00:00:00+00:00,0.012971519033531331,-0.0002068202267365704
2022-11-18 00:00:00+00:00,0.003781903294337363,-0.0019034599151360743
2022-11-21 00:00:00+00:00,-0.021680301778854494,0.0034410522727197357
2022-11-22 00:00:00+00:00,0.01466117063549266,0.012311402968032459
2022-11-23 00:00:00+00:00,0.005926369436445755,0.010406913028293108
2022-11-25 00:00:00+00:00,-0.019593763387931507,-0.00036354249561698637
2022-11-28 00:00:00+00:00,-0.026264201063779247,-0.02315247620260308
2022-11-29 00:00:00+00:00,-0.02114821177559667,-0.005914900771260667
2022-11-30 00:00:00+00:00,0.04859368467358949,0.061623513498665794
2022-12-01 00:00:00+00:00,0.0018916026369231176,-0.0017636703562271538
2022-12-02 00:00:00+00:00,-0.00337114311463671,0.0012956757611517489
2022-12-05 00:00:00+00:00,-0.007983125720240736,-0.018900520719342007
2022-12-06 00:00:00+00:00,-0.025370047035684684,-0.020303813606086574
2022-12-07 00:00:00+00:00,-0.013785012054233436,-0.0030596515227788723
2022-12-08 00:00:00+00:00,0.012132893448600246,0.012399235114793017
2022-12-09 00:00:00+00:00,-0.003434826933828461,-0.008003253804848898
2022-12-12 00:00:00+00:00,0.01638975534654641,0.028889253143339566
2022-12-13 00:00:00+00:00,0.006782599500440467,0.017464626768967983
2022-12-14 00:00:00+00:00,-0.015535922187827844,0.001167794840183145
2022-12-15 00:00:00+00:00,-0.04685425620243577,-0.031918277501942316
2022-12-16 00:00:00+00:00,-0.014578815841601589,-0.017348586497342167
2022-12-19 00:00:00+00:00,-0.01590956897480611,-0.01732815406435928
2022-12-20 00:00:00+00:00,-0.000528614226692592,0.005614516273246162
2022-12-21 00:00:00+00:00,0.02380918563858314,0.010876746444794083
2022-12-22 00:00:00+00:00,-0.02377242658689227,-0.025528710443166625
2022-12-23 00:00:00+00:00,-0.002798226690956862,0.0022669200383838017
2022-12-27 00:00:00+00:00,-0.013878426460657844,-0.00741415464062023
2022-12-28 00:00:00+00:00,-0.030685150853866805,-0.010254843916943535
2022-12-29 00:00:00+00:00,0.028324340203941256,0.027629675548708654
2022-12-30 00:00:00+00:00,0.002469050710192322,-0.0049375402633796694
2023-01-03 00:00:00+00:00,-0.037404845471986414,-0.0010007726202139189
2023-01-04 00:00:00+00:00,0.010314198615947845,-0.04374312717046713
2023-01-05 00:00:00+00:00,-0.010604686086335802,-0.029637783989183597
2023-01-06 00:00:00+00:00,0.03679403895568378,0.011785268042455943
2023-01-09 00:00:00+00:00,0.0040890614990714,0.009736422940468614
2023-01-10 00:00:00+00:00,0.0044563129028458714,0.00761712202544973
2023-01-11 00:00:00+00:00,0.021112337854900742,0.030238160344628895
2023-01-12 00:00:00+00:00,-0.0005992925255968728,0.01162136872847963
2023-01-13 00:00:00+00:00,0.010119039097672866,0.0030188731651450418
2023-01-17 00:00:00+00:00,0.008756317619386111,0.004681703977203133
2023-01-18 00:00:00+00:00,-0.005369958957401999,-0.018889160293505847
2023-01-19 00:00:00+00:00,0.00044369478947392516,-0.0164540033101509
2023-01-20 00:00:00+00:00,0.019220828078536645,0.03574372847702567
2023-01-23 00:00:00+00:00,0.023500495684517286,0.009824178329294497
2023-01-24 00:00:00+00:00,0.010063070743952629,-0.0022260232563823257
2023-01-25 00:00:00+00:00,-0.004700765987115996,-0.005908058190539411
2023-01-26 00:00:00+00:00,0.014803300344581105,0.03071359799046247
2023-01-27 00:00:00+00:00,0.013684148359402126,0.000645217098889761
2023-01-30 00:00:00+00:00,-0.020077987831618516,-0.021961719599232876
2023-01-31 00:00:00+00:00,0.0090210112205249,0.021012716042855928
2023-02-01 00:00:00+00:00,0.007900659249350905,0.019934681795486187
2023-02-02 00:00:00+00:00,0.037062757166234306,0.046884217463755595
2023-02-03 00:00:00+00:00,0.024399811152790107,-0.023620548900063598
2023-02-06 00:00:00+00:00,-0.01792887963842371,-0.006115679554399844
2023-02-07 00:00:00+00:00,0.019244607949773895,0.042021826719288224
2023-02-08 00:00:00+00:00,-0.01765264666700661,-0.003101892362599501
2023-02-09 00:00:00+00:00,-0.006911469901177636,-0.011659875856240398
2023-02-10 00:00:00+00:00,0.0024560788820093826,-0.001972442869966007
2023-02-13 00:00:00+00:00,0.018806751488337436,0.03124270873448154
2023-02-14 00:00:00+00:00,-0.004224803318987114,0.0031330679923673443
2023-02-15 00:00:00+00:00,0.013903278650510442,-0.007992919043060764
2023-02-16 00:00:00+00:00,-0.010429244735675858,-0.026622729041553272
2023-02-17 00:00:00+00:00,-0.007546738271084652,-0.015601749018588684
2023-02-21 00:00:00+00:00,-0.026679812510427725,-0.020886648720269352
2023-02-22 00:00:00+00:00,0.0028960619213067584,-0.004590863222828645
2023-02-23 00:00:00+00:00,0.003290578465145799,0.01296164563452007
2023-02-24 00:00:00+00:00,-0.01800526585701734,-0.021784327605704923
2023-02-27 00:00:00+00:00,0.00824739198949076,0.003771792286829223
2023-02-28 00:00:00+00:00,-0.003447863219960934,-0.0029581153480446876
2023-03-01 00:00:00+00:00,-0.01424593891995396,-0.012629330673701533
2023-03-02 00:00:00+00:00,0.004129242233884556,0.019653310738565022
2023-03-03 00:00:00+00:00,0.0350900843121158,0.016645949229089352
2023-03-06 00:00:00+00:00,0.018539407990185497,0.006189064910823383
2023-03-07 00:00:00+00:00,-0.014496561284299103,-0.010589017597552708
2023-03-08 00:00:00+00:00,0.008377298910741127,-0.0017705515810366723
2023-03-09 00:00:00+00:00,-0.014914650906165394,-0.005439504688066643
2023-03-10 00:00:00+00:00,-0.013878828276486344,-0.014782854414816637
2023-03-13 00:00:00+00:00,0.013266073848387627,0.021440907062220127
2023-03-14 00:00:00+00:00,0.014089196967284279,0.027055878074251805
2023-03-15 00:00:00+00:00,0.002621424567374131,0.01783028372797446
2023-03-16 00:00:00+00:00,0.01869402949066834,0.040536731461516595
2023-03-17 00:00:00+00:00,-0.005453980662845526,0.011694143134773682
2023-03-20 00:00:00+00:00,0.015483795433878678,-0.025766584795365532
2023-03-21 00:00:00+00:00,0.011944284886163059,0.0056937412403543775
2023-03-22 00:00:00+00:00,-0.009103512652816614,-0.005442359019520393
2023-03-23 00:00:00+00:00,0.006969335411385558,0.019721501815787024
2023-03-24 00:00:00+00:00,0.008305610227648863,0.010480499990991765
2023-03-27 00:00:00+00:00,-0.012293269986976219,-0.014933721149965495
2023-03-28 00:00:00+00:00,-0.003980441261844714,-0.0041611585280286745
2023-03-29 00:00:00+00:00,0.019790836268625878,0.019183906740918077
2023-03-30 00:00:00+00:00,0.009890007505271248,0.012620021032267559
2023-03-31 00:00:00+00:00,0.01564403882176779,0.01496220313587271
2023-04-03 00:00:00+00:00,0.007701722801396915,-0.0037113825191752436
2023-04-04 00:00:00+00:00,-0.003249571175437449,-0.0001741605515169775
2023-04-05 00:00:00+00:00,-0.01129033725700801,-0.009889203842263883
2023-04-06 00:00:00+00:00,0.005495938407324541,0.02553275780825537
2023-04-10 00:00:00+00:00,-0.01597226918037775,-0.007578827740061911
2023-04-11 00:00:00+00:00,-0.007591270167440545,-0.022668430271864937
2023-04-12 00:00:00+00:00,-0.0043532205674153834,0.0023333737295658796
2023-04-13 00:00:00+00:00,0.03410352320079313,0.022399413897198128
2023-04-14 00:00:00+00:00,-0.002113984624147691,-0.012765543080258679
2023-04-17 00:00:00+00:00,0.00012110556253386306,0.009295996681365493
2023-04-18 00:00:00+00:00,0.007504843403221884,-0.0014886764679309383
2023-04-19 00:00:00+00:00,0.006968184677402789,0.00027734112315669357
2023-04-20 00:00:00+00:00,-0.0058463925182028476,-0.008112387287809941
2023-04-21 00:00:00+00:00,-0.009780803074546762,-0.0012232488513829187
2023-04-24 00:00:00+00:00,0.0018785982663551692,-0.013962807629350538
2023-04-25 00:00:00+00:00,-0.00943584107119122,-0.02253592406395566
2023-04-26 00:00:00+00:00,-6.103825699532717e-05,0.07243469585011297
2023-04-27 00:00:00+00:00,0.028395415690738446,0.032027616286667504
2023-04-28 00:00:00+00:00,0.007541018786341613,0.00797175691464691
2023-05-01 00:00:00+00:00,-0.0005303917076899811,-0.0055328312239251165
2023-05-02 00:00:00+00:00,-0.006191610194982489,-0.0004909368192205221
2023-05-03 00:00:00+00:00,-0.00646733687829204,-0.003307109876751535
2023-05-04 00:00:00+00:00,-0.009913349573323682,0.0033180831422832124
2023-05-05 00:00:00+00:00,0.04692698087122493,0.017157256517333908
2023-05-08 00:00:00+00:00,-0.000403409443307412,-0.006438140462970754
2023-05-09 00:00:00+00:00,-0.00997106210589549,-0.00534594095664076
2023-05-10 00:00:00+00:00,0.010420926872837466,0.01729652155466921
2023-05-11 00:00:00+00:00,0.0010945758551790252,-0.0070442233265483045
2023-05-12 00:00:00+00:00,-0.005417417573707506,-0.0036761967579288513
2023-05-15 00:00:00+00:00,-0.0028973558924308973,0.0015858806649784452
2023-05-16 00:00:00+00:00,0.0,0.0073677377960648105
2023-05-17 00:00:00+00:00,0.003603100254903513,0.009451535941451983
2023-05-18 00:00:00+00:00,0.013666192068911176,0.014394873083097393
2023-05-19 00:00:00+00:00,0.0006283403611473393,-0.0005651205688893546
2023-05-22 00:00:00+00:00,-0.005480716531571783,0.008921313133512854
2023-05-23 00:00:00+00:00,-0.015154898649229476,-0.018432075831537165
2023-05-24 00:00:00+00:00,0.0016319888798097537,-0.004472423411178483
2023-05-25 00:00:00+00:00,0.006692219139008637,0.038457785214526696
2023-05-26 00:00:00+00:00,0.01410475576306558,0.021385762709300593
2023-05-30 00:00:00+00:00,0.010659613541845525,-0.005046834972865177
2023-05-31 00:00:00+00:00,-0.0002820320548140298,-0.008514184834921723
2023-06-01 00:00:00+00:00,0.016022571008993625,0.012759114088544132
2023-06-02 00:00:00+00:00,0.0047753558278818,0.008479205361232367
2023-06-05 00:00:00+00:00,-0.007571173203816506,0.0016101294754653495
2023-06-06 00:00:00+00:00,-0.002060334481944981,-0.0067274224944045
2023-06-07 00:00:00+00:00,-0.007756174290254991,-0.030867883118530837
2023-06-08 00:00:00+00:00,0.01546510572435622,0.005813526942884284
2023-06-09 00:00:00+00:00,0.00215977394241329,0.0047038919173407745
2023-06-12 00:00:00+00:00,0.015638745845110824,0.015484034964667659
2023-06-13 00:00:00+00:00,-0.0026115158548918327,0.007352664679401544
2023-06-14 00:00:00+00:00,0.003491250008587521,0.009123885253010888
2023-06-15 00:00:00+00:00,0.011198719497523602,0.03189655424378879
2023-06-16 00:00:00+00:00,-0.005859922948721286,-0.016575761258478705
2023-06-20 00:00:00+00:00,0.0004866721994483125,-0.012502459413157418
2023-06-21 00:00:00+00:00,-0.005675274111780038,-0.013282180040280811
2023-06-22 00:00:00+00:00,0.016525259945986415,0.018437535274718364
2023-06-23 00:00:00+00:00,-0.0017112615497014705,-0.013806011641180782
2023-06-26 00:00:00+00:00,-0.007552922284123298,-0.019162934376001917
2023-06-27 00:00:00+00:00,0.015058999067454115,0.018168145289652493
2023-06-28 00:00:00+00:00,0.00632775459359558,0.003825658072865057
2023-06-29 00:00:00+00:00,0.0017965732752605046,-0.002382187629156318
2023-06-30 00:00:00+00:00,0.023102633178353704,0.016385817344499065
2023-07-03 00:00:00+00:00,-0.007784725649841007,-0.007488138194110205
2023-07-05 00:00:00+00:00,-0.005871325573896358,0.00047340270799467454
2023-07-06 00:00:00+00:00,0.002508599858857652,0.009226665811367107
2023-07-07 00:00:00+00:00,-0.005891222911355798,-0.011867400892671132
2023-07-10 00:00:00+00:00,-0.010855815447432526,-0.015983785140502582
2023-07-11 00:00:00+00:00,-0.0028099786731493603,0.0019287635169904505
2023-07-12 00:00:00+00:00,0.00898542483449849,0.014226950225784796
2023-07-13 00:00:00+00:00,0.004057453877083006,0.016192063509468335
2023-07-14 00:00:00+00:00,0.0007873037755359302,0.007529391918989159
2023-07-17 00:00:00+00:00,0.017305607486194585,0.001419389282415029
2023-07-18 00:00:00+00:00,-0.0013402950564962435,0.039799663533267804
2023-07-19 00:00:00+00:00,0.007071716882089962,-0.012267272713559207
2023-07-20 00:00:00+00:00,-0.010097353363837547,-0.023121562336159696
2023-07-21 00:00:00+00:00,-0.0061615600241389235,-0.008937066392034398
2023-07-24 00:00:00+00:00,0.004219933583313296,0.003897962823706136
2023-07-25 00:00:00+00:00,0.004513654701830072,0.017009088798814354
2023-07-26 00:00:00+00:00,0.004545009282206358,-0.037637501940109064
2023-07-27 00:00:00+00:00,-0.0065810979698306404,-0.020872111792522463
2023-07-28 00:00:00+00:00,0.013508027082501428,0.02313125799419402
2023-07-31 00:00:00+00:00,0.0031660157294619573,-0.007240582007479235
2023-08-01 00:00:00+00:00,-0.004275966134054454,0.0012503741170355465
2023-08-02 00:00:00+00:00,-0.015490029388322224,-0.026282962144725808
2023-08-03 00:00:00+00:00,-0.007321526332095485,-0.002564948092800279
2023-08-04 00:00:00+00:00,-0.04802005153469335,0.0034285680868215707
2023-08-07 00:00:00+00:00,-0.017253838023489232,0.0071083781382685896
2023-08-08 00:00:00+00:00,0.005311739580759145,-0.0122988441698072
2023-08-09 00:00:00+00:00,-0.008954460501762407,-0.011715928287307387
2023-08-10 00:00:00+00:00,-0.0012344500065415431,0.002172302880103727
2023-08-11 00:00:00+00:00,0.00033757852130777977,-0.005945474863234934
2023-08-14 00:00:00+00:00,0.00939310976993668,0.00943904125294881
2023-08-15 00:00:00+00:00,-0.011200289884426562,-0.006727825489401651
2023-08-16 00:00:00+00:00,-0.004959137118092927,-0.0024282941936907276
2023-08-17 00:00:00+00:00,-0.014555129169496861,-0.010986262853085016
2023-08-18 00:00:00+00:00,0.002816078327329441,-0.001262448130565752
2023-08-21 00:00:00+00:00,0.007736729353962524,0.017062795615144344
2023-08-22 00:00:00+00:00,0.007904890467930636,0.0018018327819322444
2023-08-23 00:00:00+00:00,0.021949041746265774,0.014079324553989636
2023-08-24 00:00:00+00:00,-0.02617064925372059,-0.021498580153821556
2023-08-25 00:00:00+00:00,0.012643223403728143,0.009407242263922644
2023-08-28 00:00:00+00:00,0.008846113686385548,0.0022293173412959444
2023-08-29 00:00:00+00:00,0.02181029026594339,0.014550370968635207
2023-08-30 00:00:00+00:00,0.019172337124263583,0.001157177143130017
2023-08-31 00:00:00+00:00,0.001172353063965792,-0.0031326433519349717
2023-09-01 00:00:00+00:00,0.008463320251509199,0.0027458657230292616
2023-09-05 00:00:00+00:00,0.0012667124198531,0.014878527558921828
2023-09-06 00:00:00+00:00,-0.035793280009210116,-0.002008694788086407
2023-09-07 00:00:00+00:00,-0.029249390604505376,-0.008922142951025891
2023-09-08 00:00:00+00:00,0.0034917377322749577,0.013215810584782828
2023-09-11 00:00:00+00:00,0.006622622012600443,0.010979091142222064
2023-09-12 00:00:00+00:00,-0.017060812616318755,-0.018257742297007495
2023-09-13 00:00:00+00:00,-0.011854800979959057,0.012930699336310969
2023-09-14 00:00:00+00:00,0.00878271586309265,0.007855829104060907
2023-09-15 00:00:00+00:00,-0.004154062302032968,-0.025036953615054425
2023-09-18 00:00:00+00:00,0.016913411134440226,-0.0035128380412948745
2023-09-19 00:00:00+00:00,0.006180766167849905,-0.001246086591058071
2023-09-20 00:00:00+00:00,-0.019992146138353872,-0.02397686587201575
2023-09-21 00:00:00+00:00,-0.008889424131960144,-0.0038656406856837355
2023-09-22 00:00:00+00:00,0.004944427764029369,-0.007886568133318783
2023-09-25 00:00:00+00:00,0.007380370383824442,0.0016719052319345007
2023-09-26 00:00:00+00:00,-0.023398395412178363,-0.017005739263922237
2023-09-27 00:00:00+00:00,-0.008897631748710833,0.002082446398257165
2023-09-28 00:00:00+00:00,0.0015257682047185028,0.002717547566174927
2023-09-29 00:00:00+00:00,0.003046438304345589,0.006727322759053189
2023-10-02 00:00:00+00:00,0.014835583938254793,0.019160588828202707
2023-10-03 00:00:00+00:00,-0.007769768474616523,-0.026134078896590807
2023-10-04 00:00:00+00:00,0.007308587597098626,0.017773383328802295
2023-10-05 00:00:00+00:00,0.007197977999019889,0.0012539263520701116
2023-10-06 00:00:00+00:00,0.014750524001660992,0.024737111626914166
2023-10-09 00:00:00+00:00,0.008451047186900151,0.007822515401742836
2023-10-10 00:00:00+00:00,-0.003352107339410826,-0.004335592052371662
2023-10-11 00:00:00+00:00,0.007904003009771454,0.012271878999104535
2023-10-12 00:00:00+00:00,0.005061252370582858,-0.003790378210930423
2023-10-13 00:00:00+00:00,-0.010292786435184165,-0.010357448782361889
2023-10-16 00:00:00+00:00,-0.000726839847665528,0.014981822957955915
2023-10-17 00:00:00+00:00,-0.008784802837732753,-0.0017436408040787388
2023-10-18 00:00:00+00:00,-0.007394856507837333,-0.0058725663382493964
2023-10-19 00:00:00+00:00,-0.002160890438624552,0.0036655488240764367
2023-10-20 00:00:00+00:00,-0.014704285844400977,-0.01403467581555351
2023-10-23 00:00:00+00:00,0.0006941867427099346,0.008112136250155944
2023-10-24 00:00:00+00:00,0.00254326060761656,0.00367415467973653
2023-10-25 00:00:00+00:00,-0.013491564367810405,0.030678087566683
2023-10-26 00:00:00+00:00,-0.024605499185917923,-0.03751438752791203
2023-10-27 00:00:00+00:00,0.007969216353959085,0.005855543749759162
2023-10-30 00:00:00+00:00,0.012305234885133132,0.02274036241162003
2023-10-31 00:00:00+00:00,0.002818799586573606,0.0023717878659077485
2023-11-01 00:00:00+00:00,0.018738606467081143,0.023542630767360295
2023-11-02 00:00:00+00:00,0.020693358421962404,0.006501688902093239
2023-11-03 00:00:00+00:00,-0.005181213342600355,0.012861562346380362
2023-11-06 00:00:00+00:00,0.014605146121351886,0.010572645837847006
2023-11-07 00:00:00+00:00,0.014450784201593958,0.011219209266301933
2023-11-08 00:00:00+00:00,0.005884897392613997,0.007405785789869723
2023-11-09 00:00:00+00:00,-0.0026246014837240095,-0.006910799428850645
2023-11-10 00:00:00+00:00,0.023220129212784046,0.024896692841109624
2023-11-13 00:00:00+00:00,-0.008583592240748339,-0.008088263426237807
2023-11-14 00:00:00+00:00,0.014285631403192944,0.009790577681061619
2023-11-15 00:00:00+00:00,0.003040948288189682,0.00040589190968898237
2023-11-16 00:00:00+00:00,0.009042233041821168,0.017583311662176193
2023-11-17 00:00:00+00:00,-0.00010552376117345386,-0.016800907194173154
2023-11-20 00:00:00+00:00,0.009278269686315843,0.02052181257191954
2023-11-21 00:00:00+00:00,-0.004230830895090021,-0.011578014860422425
2023-11-22 00:00:00+00:00,0.0035144670174946935,0.012812637020493511
2023-11-24 00:00:00+00:00,-0.007004317591833065,-0.0011116534889425989
2023-11-27 00:00:00+00:00,-0.0009476078404809796,0.003126402393418104
2023-11-28 00:00:00+00:00,0.0032140922279670914,0.010802784309987823
2023-11-29 00:00:00+00:00,-0.00540967202410314,-0.01006009388918494
2023-11-30 00:00:00+00:00,0.0030627721489051574,0.00015834217444243848
2023-12-01 00:00:00+00:00,0.0067913542414979045,-0.01161229655037177
2023-12-04 00:00:00+00:00,-0.00946456777923843,-0.014338679835657286
2023-12-05 00:00:00+00:00,0.021063178701301588,0.00915634953310529
2023-12-06 00:00:00+00:00,-0.005687020343751903,-0.009985927957468221
2023-12-07 00:00:00+00:00,0.010139342691656505,0.00582969629052843
2023-12-08 00:00:00+00:00,0.007412278108258397,0.00884209310791717
2023-12-11 00:00:00+00:00,-0.01292734671491369,-0.007829461730962994
2023-12-12 00:00:00+00:00,0.007920231416994605,0.008295192049600164
2023-12-13 00:00:00+00:00,0.016691423574234365,-2.663715870521166e-05
2023-12-14 00:00:00+00:00,0.0007577103977165489,-0.02254457048117664
2023-12-15 00:00:00+00:00,-0.0027257076093127885,0.01311730873127992
2023-12-18 00:00:00+00:00,-0.008503371695218864,0.005178922879720105
2023-12-19 00:00:00+00:00,0.005360177197904825,0.0016369386907997274
2023-12-20 00:00:00+00:00,-0.0107139060135083,-0.007072875410179202
2023-12-21 00:00:00+00:00,-0.0007700404501185254,0.007878817031604202
2023-12-22 00:00:00+00:00,-0.005547383715715504,0.002784051129544274
2023-12-26 00:00:00+00:00,-0.0028409452770919996,0.00021363882374458854
2023-12-27 00:00:00+00:00,0.0005179350070907418,-0.0015747583952239186
2023-12-28 00:00:00+00:00,0.0022262531019967557,0.0032346260927926807
2023-12-29 00:00:00+00:00,-0.005424140523005105,0.002025128998951242
2024-01-02 00:00:00+00:00,-0.035786626626190365,-0.013748480224559545
2024-01-03 00:00:00+00:00,-0.007487555188231854,-0.0007279956308678948
2024-01-04 00:00:00+00:00,-0.012700092714816869,-0.007177624556500839
2024-01-05 00:00:00+00:00,-0.004013105785357407,-0.0005163820366433924
2024-01-08 00:00:00+00:00,0.024174893322935098,0.01887161627143419
2024-01-09 00:00:00+00:00,-0.0022634134133142636,0.0029356884573508157
2024-01-10 00:00:00+00:00,0.005671411553801908,0.018574171061161104
2024-01-11 00:00:00+00:00,-0.003222518554592879,0.004859460512424141
2024-01-12 00:00:00+00:00,0.0017781028348382577,0.009983526989004954
2024-01-16 00:00:00+00:00,-0.012317117456743909,0.004633578650815151
2024-01-17 00:00:00+00:00,-0.005173459877242825,-0.002049870055126801
2024-01-18 00:00:00+00:00,0.03257069045342864,0.01129736480959287
2024-01-19 00:00:00+00:00,0.015533005871384065,0.012186805137790913
2024-01-22 00:00:00+00:00,0.012163240294058797,-0.00541792603641611
2024-01-23 00:00:00+00:00,0.00665326933433108,0.006027526081631596
2024-01-24 00:00:00+00:00,-0.0034839626363136755,0.009175232878870121
2024-01-25 00:00:00+00:00,-0.0016966484008232863,0.005738226296430726
2024-01-26 00:00:00+00:00,-0.009012685946697241,-0.0023217713641427995
2024-01-29 00:00:00+00:00,-0.003585914121141842,0.01433413410116291
2024-01-30 00:00:00+00:00,-0.019245841713788514,-0.002757863618420453
2024-01-31 00:00:00+00:00,-0.019357564017277173,-0.02694635331500639
2024-02-01 00:00:00+00:00,0.013340638387049353,0.015594323014115785
2024-02-02 00:00:00+00:00,-0.00540518652655908,0.01842589457186583
2024-02-05 00:00:00+00:00,0.009846608925036193,-0.01354508595345949
2024-02-06 00:00:00+00:00,0.008631797852969969,-0.0003944754675214712
2024-02-07 00:00:00+00:00,0.0005811118266452198,0.021110382302605757
2024-02-08 00:00:00+00:00,-0.005754695704412893,0.00014480678336048491
2024-02-09 00:00:00+00:00,0.004093912323501536,0.01555143427246275
2024-02-12 00:00:00+00:00,-0.00900188085946041,-0.012578730155302087
2024-02-13 00:00:00+00:00,-0.011274379023936687,-0.02152863800309701
2024-02-14 00:00:00+00:00,-0.004809796406421318,0.009665363557845863
2024-02-15 00:00:00+00:00,-0.0015747406188629798,-0.007155245835219204
2024-02-16 00:00:00+00:00,-0.008430416759296233,-0.0061491251555830795
2024-02-20 00:00:00+00:00,-0.004113815794055342,-0.0031431206884515728
2024-02-21 00:00:00+00:00,0.004185995606486692,-0.0015144677406662144
2024-02-22 00:00:00+00:00,0.011243906973871898,0.023546675492440494
2024-02-23 00:00:00+00:00,-0.010034137989828662,-0.003182263074074654
2024-02-26 00:00:00+00:00,-0.00745121072431254,-0.006823577602782072
2024-02-27 00:00:00+00:00,0.00811435690453699,-0.00014729926792267367
2024-02-28 00:00:00+00:00,-0.006625451500229196,0.0005889832177363719
2024-02-29 00:00:00+00:00,-0.0036930923009997896,0.014519851083073076
2024-03-01 00:00:00+00:00,-0.006030343833018481,0.004496568412214241
2024-03-04 00:00:00+00:00,-0.025381330879337805,-0.001395828348495498
2024-03-05 00:00:00+00:00,-0.02844085660313167,-0.02957208433150993
2024-03-06 00:00:00+00:00,-0.005878332464557379,-0.0013907796421320784
2024-03-07 00:00:00+00:00,-0.0007095022467269452,0.01753357384684784
2024-03-08 00:00:00+00:00,0.01023661375293572,-0.007137036872070457
2024-03-11 00:00:00+00:00,0.011831677162547738,-0.004184980259206994
2024-03-12 00:00:00+00:00,0.002778462079575661,0.026599455057788823
2024-03-13 00:00:00+00:00,-0.012122499241675966,-0.00043336673069571674
2024-03-14 00:00:00+00:00,0.010927380585885382,0.024379626208922867
2024-03-15 00:00:00+00:00,-0.002196602949382953,-0.020695144696243117
2024-03-18 00:00:00+00:00,0.006372403625913625,0.002161269303863955
2024-03-19 00:00:00+00:00,0.013585089150138785,0.009800623269704323
2024-03-20 00:00:00+00:00,0.014709279470054737,0.009064836430810352
2024-03-21 00:00:00+00:00,-0.04085749427779495,0.009735861695174153
2024-03-22 00:00:00+00:00,0.005310136596230031,-0.0014672948048489731
2024-03-25 00:00:00+00:00,-0.008300411295719567,-0.013714613342957427
2024-03-26 00:00:00+00:00,-0.006672467384838288,-0.002861490102845421
2024-03-27 00:00:00+00:00,0.021212508255433082,-0.0005217573467327652
2024-03-28 00:00:00+00:00,-0.010559029510893825,-0.0016846959389460459
2024-04-01 00:00:00+00:00,-0.008455817153313228,0.00915104583588966
2024-04-02 00:00:00+00:00,-0.006998840409110918,-0.007372166013719483
2024-04-03 00:00:00+00:00,0.004797444745261892,-0.0023491140786162656
2024-04-04 00:00:00+00:00,-0.0048922998822843455,-0.0061125062164198996
2024-04-05 00:00:00+00:00,0.0045017102167554945,0.018282748134213822
2024-04-08 00:00:00+00:00,-0.00666344389880702,-0.002185586959117636
2024-04-09 00:00:00+00:00,0.007242477188190266,0.003980327965347641
2024-04-10 00:00:00+00:00,-0.011139247536399832,-0.007084512283171862
2024-04-11 00:00:00+00:00,0.04327089951614882,0.011033391647051971
2024-04-12 00:00:00+00:00,0.008626682064048596,-0.014091059391725391
2024-04-15 00:00:00+00:00,-0.02186356015544111,-0.019578079287990602
2024-04-16 00:00:00+00:00,-0.019167216980400914,0.0022724226809849313
2024-04-17 00:00:00+00:00,-0.008147382429983252,-0.006609067604406049
2024-04-18 00:00:00+00:00,-0.005714312770506158,-0.018380950064919577
2024-04-19 00:00:00+00:00,-0.012212644599202904,-0.012738989582693261
2024-04-22 00:00:00+00:00,0.005090805862395076,0.004610120732889245
2024-04-23 00:00:00+00:00,0.006391716651051871,0.016485472720460415
2024-04-24 00:00:00+00:00,0.012702335811340948,0.0036557589814192326
2024-04-25 00:00:00+00:00,0.005147296133206192,-0.024495145243616068
2024-04-26 00:00:00+00:00,-0.0034728153088765534,0.018243853174491287
2024-04-29 00:00:00+00:00,0.024807981201737883,-0.010016801077548432
2024-04-30 00:00:00+00:00,-0.018270818304339853,-0.03211940679439884
2024-05-01 00:00:00+00:00,-0.006047110758500951,0.014409421632052943
2024-05-02 00:00:00+00:00,0.022031811248272692,0.007342930910950507
2024-05-03 00:00:00+00:00,0.05981624827903498,0.022169689343045862
2024-05-06 00:00:00+00:00,-0.009106647012300906,0.01691838176598015
2024-05-07 00:00:00+00:00,0.0037970587274600565,-0.010156238138458895
2024-05-08 00:00:00+00:00,0.0018641751955672525,0.00293153452738637
2024-05-09 00:00:00+00:00,0.010014230704838534,0.0043357325326685014
2024-05-10 00:00:00+00:00,-0.006890232834920185,0.0058692003178355545
2024-05-13 00:00:00+00:00,0.017645490359061045,-0.0024593606947149738
2024-05-14 00:00:00+00:00,0.006173480383521834,0.006864588084368517
2024-05-15 00:00:00+00:00,0.012217900564266193,0.017483891327153556
2024-05-16 00:00:00+00:00,0.0006324927339829145,-0.0049398990153731726
2024-05-17 00:00:00+00:00,0.0001580433524828173,-0.0018528442000871337
2024-05-20 00:00:00+00:00,0.006162073111016353,0.01220822592500781
2024-05-21 00:00:00+00:00,0.006857290723250031,0.008698961686516293
2024-05-22 00:00:00+00:00,-0.007538394043621777,0.003449534182127012
2024-05-23 00:00:00+00:00,-0.021058135498359,-0.008176170570188712
2024-05-24 00:00:00+00:00,0.016588126352466315,0.007400498411872292
2024-05-28 00:00:00+00:00,5.274951202660638e-05,0.00037192283251541447
2024-05-29 00:00:00+00:00,0.0015789444060727575,-0.0026724013232773958
2024-05-30 00:00:00+00:00,0.0052551185022802205,-0.033786134108044874
2024-05-31 00:00:00+00:00,0.005018572679980071,0.0011093039681615569
2024-06-03 00:00:00+00:00,0.009258761154093964,-0.0038783353632573236
2024-06-04 00:00:00+00:00,0.0016492867472550632,0.006166639213050162
2024-06-05 00:00:00+00:00,0.00782089821599996,0.019083266362966533
2024-06-06 00:00:00+00:00,-0.007096565625683615,0.001202757639684915
2024-06-07 00:00:00+00:00,0.012392086691192628,-0.0015781768262369544
2024-06-10 00:00:00+00:00,-0.019147819387336118,0.009484461215305107
2024-06-11 00:00:00+00:00,0.07264913149590346,0.011241696182103356
2024-06-12 00:00:00+00:00,0.02857843231967716,0.019367677158369068
2024-06-13 00:00:00+00:00,0.005491119196605165,0.0011789985076924303
2024-06-14 00:00:00+00:00,-0.008168380371072814,0.0022419525244987693
2024-06-17 00:00:00+00:00,0.019671458186028445,0.013105239678083302
2024-06-18 00:00:00+00:00,-0.010984492431504456,-0.00452748627857813
2024-06-20 00:00:00+00:00,-0.02151285705649597,-0.0014338304671680513
2024-06-21 00:00:00+00:00,-0.010444421017185235,0.009154077169669206
2024-06-24 00:00:00+00:00,0.0031325962587900325,-0.00469110869220335
2024-06-25 00:00:00+00:00,0.004468218904047028,0.0073267795585547635
2024-06-26 00:00:00+00:00,0.019993247000844816,0.002683228041705954
2024-06-27 00:00:00+00:00,0.003985989649693877,0.0015259921721313408
2024-06-28 00:00:00+00:00,-0.016254185861527715,-0.013028572014956996
2024-07-01 00:00:00+00:00,0.029104607139083027,0.02188161026500013
2024-07-02 00:00:00+00:00,0.016239906882367094,0.005583163009644121
2024-07-03 00:00:00+00:00,0.005811043472380817,0.0032441766111215298
2024-07-05 00:00:00+00:00,0.02162036705681447,0.014736241872491007
2024-07-08 00:00:00+00:00,0.006538893599926876,-0.002823171057448781
2024-07-09 00:00:00+00:00,0.003774856418664152,-0.014370242090875118
2024-07-10 00:00:00+00:00,0.018803569537815257,0.014601511597775785
2024-07-11 00:00:00+00:00,-0.02322082255475133,-0.024772087536011678
2024-07-12 00:00:00+00:00,0.013050869701079604,-0.0025291802762398286
2024-07-15 00:00:00+00:00,0.01674333275396722,0.0009039993900985532
2024-07-16 00:00:00+00:00,0.0017918547058310974,-0.009780586692426874
2024-07-17 00:00:00+00:00,-0.025295985290057277,-0.0133476203074534
2024-07-18 00:00:00+00:00,-0.02053483862346983,-0.007102239142655176
2024-07-19 00:00:00+00:00,0.0005799027644122212,-0.007402901483065549
2024-07-22 00:00:00+00:00,-0.0015602670338119573,0.013337623142588129
2024-07-23 00:00:00+00:00,0.004688252235227841,0.0043121465385767
2024-07-24 00:00:00+00:00,-0.028754299451036136,-0.035854832017799376
2024-07-25 00:00:00+00:00,-0.004804525867281528,-0.02448123371532307
2024-07-26 00:00:00+00:00,0.0021609971689153795,0.016419684418445657
2024-07-29 00:00:00+00:00,0.001284648863111304,0.003433170323162704
2024-07-30 00:00:00+00:00,0.0025660013155499595,-0.008928328990879808
2024-07-31 00:00:00+00:00,0.014990819816851575,-0.010805873648461528
2024-08-01 00:00:00+00:00,-0.016750716496365836,-0.0029640826409040866
2024-08-02 00:00:00+00:00,0.00686936577683217,-0.020666014867844362
2024-08-05 00:00:00+00:00,-0.048166957868372995,-0.03265681070211868
2024-08-06 00:00:00+00:00,-0.009748254289425162,0.011286826849002951
2024-08-07 00:00:00+00:00,0.012498264877290444,-0.002952827667588198
2024-08-08 00:00:00+00:00,0.016633289323681577,0.01069192500305971
2024-08-09 00:00:00+00:00,0.013735914705684138,0.0082693794719777
2024-08-12 00:00:00+00:00,0.007129928454867818,0.001945706066160291
2024-08-13 00:00:00+00:00,0.01719305619524536,0.017698746599935644
2024-08-14 00:00:00+00:00,0.002033700635211577,0.0068838340814327825
2024-08-15 00:00:00+00:00,0.01353057903429189,0.011823829278159614
2024-08-16 00:00:00+00:00,0.0059184844421056315,-0.006080321036543768
2024-08-19 00:00:00+00:00,-0.0007078241979617816,0.007312346284482851
2024-08-20 00:00:00+00:00,0.0027446771387076296,0.007757428944894507
2024-08-21 00:00:00+00:00,-0.0004856324798868661,-0.0015536091419401377
2024-08-22 00:00:00+00:00,-0.008259695969967784,-0.020252809352564682
2024-08-23 00:00:00+00:00,0.010288146667049247,0.0029840471384419143
2024-08-26 00:00:00+00:00,0.0014988376978464224,-0.007917700143695305
2024-08-27 00:00:00+00:00,0.0037415535298863656,0.0008464681413864472
2024-08-28 00:00:00+00:00,-0.006753467940081359,-0.007829089172254888
2024-08-29 00:00:00+00:00,0.014570125448949867,0.006137333113035881
2024-08-30 00:00:00+00:00,-0.0034378924636161434,0.00973087620731028
2024-09-03 00:00:00+00:00,-0.027205221517637712,-0.018459059156721636
2024-09-04 00:00:00+00:00,-0.008618746384711162,-0.0013188954222888016
2024-09-05 00:00:00+00:00,0.006927773316790287,-0.001247197984003856
2024-09-06 00:00:00+00:00,-0.007015008203708928,-0.016381405522770343
2024-09-09 00:00:00+00:00,0.0004075551802624755,0.01000744060620029
2024-09-10 00:00:00+00:00,-0.0036213980285900726,0.020901141084526564
2024-09-11 00:00:00+00:00,0.011585130365211915,0.02134233722202805
2024-09-12 00:00:00+00:00,0.0004940295003252881,0.009360796556096007
2024-09-13 00:00:00+00:00,-0.001212031545013259,0.00840748556883053
2024-09-16 00:00:00+00:00,-0.027775247981039364,0.0017417961549934802
2024-09-17 00:00:00+00:00,0.0021726421320320544,0.008832933627627604
2024-09-18 00:00:00+00:00,0.017989802463465043,-0.009973564055531292
2024-09-19 00:00:00+00:00,0.03706553348719566,0.018291137456114326
2024-09-20 00:00:00+00:00,-0.002927418111763669,-0.00779596847136077
2024-09-23 00:00:00+00:00,-0.007581050616453089,-0.0040434196991964155
2024-09-24 00:00:00+00:00,0.0039740093241191765,-0.010011294411026439
2024-09-25 00:00:00+00:00,-0.004398117700115112,0.006850366595622326
2024-09-26 00:00:00+00:00,0.005080219022305155,-0.001851352248474103
2024-09-27 00:00:00+00:00,0.0011866605511685613,-0.007627944085564442
2024-09-30 00:00:00+00:00,0.02287197360475246,0.005326851170083913
2024-10-01 00:00:00+00:00,-0.029141602086406926,-0.022333222459179125
2024-10-02 00:00:00+00:00,0.002519747352073054,-0.008462282293217993
2024-10-03 00:00:00+00:00,-0.004894614235498862,-0.0014144183611446426
2024-10-04 00:00:00+00:00,0.005007333238716605,-0.0011523766660612722
2024-10-07 00:00:00+00:00,-0.022530866585506182,-0.015670790395449274
2024-10-08 00:00:00+00:00,0.01840408582309916,0.012623877526703575
2024-10-09 00:00:00+00:00,0.016698360908574017,0.006631139969285993
2024-10-10 00:00:00+00:00,-0.0021782696463562568,-0.0038805996990056713
2024-10-11 00:00:00+00:00,-0.006505371454991304,0.001154316541350786
2024-10-14 00:00:00+00:00,0.01647989430765695,0.0067736531384681165
2024-10-15 00:00:00+00:00,0.011024656368842312,-0.0009543932816771239
2024-10-16 00:00:00+00:00,-0.008851859184054955,-0.0062568543207947025
